0.996532,0.971258,10,14,-113.1535,3.042176,-95.58968,128.1622,-13.06379,90.9605
0.994496,0.971771,10,14,-113.0236,2.812639,-95.37378,128.6686,-13.07892,91.01176
0.99704,0.97088,10,14,-113.0236,2.707191,-95.21857,128.6686,-12.92488,91.09332
0.993955,0.973084,10,14,-112.8929,2.402336,-95.35374,129.2486,-12.67044,91.07133
0.992324,0.969493,10,14,-113.3728,2.367511,-95.27039,128.4583,-12.42267,91.16658
0.994236,0.972336,10,14,-113.2121,2.531844,-95.16193,128.9796,-12.78722,90.82198
0.994655,0.973533,10,14,-113.2121,2.808669,-95.54607,128.9796,-12.77491,91.37689
0.997229,0.969514,10,14,-113.0718,2.594404,-95.78809,128.5409,-12.87314,91.48302
0.996184,0.969768,10,14,-113.8309,2.302151,-96.30491,128.5745,-12.60367,91.07841
0.993554,0.969237,10,14,-113.1412,2.336412,-95.72706,128.5745,-12.19718,90.78215
0.992662,0.971577,10,14,-113.1412,2.542909,-95.65519,128.067,-12.36981,90.85812
0.989757,0.972855,10,14,-113.7075,1.896607,-95.34989,128.5011,-12.51886,91.17403
0.992464,0.972849,14,14,-113.3521,2.229724,-95.4532,129.2937,-12.82457,91.02803
0.996856,0.974053,10,14,-113.143,2.521675,-95.42319,129.2937,-12.76797,90.97133
0.995364,0.972691,10,14,-113.143,2.792606,-95.85646,128.6043,-12.71984,90.77357
0.994913,0.971697,10,14,-113.6081,2.892355,-95.79599,128.5794,-13.00978,91.04478
0.993565,0.971111,10,14,-113.053,3.125247,-95.56792,128.4228,-13.2506,91.30531
0.996399,0.973043,10,14,-113.4719,3.306063,-95.86022,128.4228,-13.47484,91.51453
0.994491,0.975118,10,14,-113.4719,3.308892,-95.82198,127.6689,-13.48987,91.65889
0.997483,0.972358,10,14,-113.185,3.397231,-95.9673,127.8044,-13.22961,91.34046
0.996322,0.970487,10,14,-113.375,3.193884,-95.77527,127.8044,-13.20749,91.26892
0.997,0.972924,10,14,-112.8569,3.339181,-95.72981,128.6259,-13.41744,90.97134
0.996904,0.972127,14,17,-112.8569,3.645085,-95.44633,127.69,-13.67272,91.28404
0.996627,0.974191,14,17,-112.9146,3.259642,-95.87626,128.5598,-13.62843,91.91629
0.997545,0.97214,10,14,-113.1745,3.151366,-95.69035,128.5598,-12.91522,91.53091
0.994414,0.972718,14,14,-113.4561,2.541946,-95.95284,127.7421,-12.58692,91.11558
0.999334,0.974365,14,17,-113.4561,2.284388,-95.96101,128.0005,-12.37059,90.99156
0.995617,0.971413,14,17,-112.8768,2.096194,-95.6295,127.0942,-12.3572,91.27818
0.992103,0.969577,10,14,-113.1113,2.424453,-95.8776,127.0942,-12.53972,91.53269
0.994215,0.971541,10,14,-113.0223,2.595236,-95.74911,127.7635,-12.98976,91.18888
0.991261,0.97279,14,17,-113.0223,2.701805,-95.4405,127.0452,-13.08711,91.61583
0.998379,0.974648,14,17,-113.5965,2.700052,-95.83474,127.0452,-12.90716,91.60789
0.996424,0.971696,14,14,-113.2553,2.340209,-95.75286,127.789,-12.51929,91.24913
0.994868,0.97252,14,17,-113.2395,2.393097,-96.22526,127.6881,-12.5527,90.88367
0.995216,0.971297,14,17,-113.2395,2.648874,-95.87431,127.2086,-13.12237,91.31917
0.992953,0.973342,14,17,-112.9725,2.788821,-95.81403,127.2086,-13.30822,92.75369
0.992554,0.973213,14,17,-112.6728,2.874556,-95.85934,128.4369,-12.97442,91.83929
0.991053,0.967185,14,17,-113.0703,2.5188,-96.07238,127.4592,-12.6416,91.32224
0.993951,0.970321,14,17,-113.0703,2.500893,-95.84928,127.697,-12.50412,90.82278
0.995893,0.973005,14,14,-113.217,2.510064,-95.69312,127.697,-13.74518,90.94302
0.996404,0.974752,14,17,-113.248,1.817271,-95.04605,127.6671,-13.75697,91.15182
0.994338,0.97639,14,17,-113.0054,2.879952,-95.82406,126.9572,-13.99522,91.97773
0.99334,0.973894,14,17,-113.0054,2.819437,-95.8792,128.4065,-13.55881,91.78334
0.993428,0.970714,14,17,-113.6802,2.431782,-96.19553,128.4065,-12.71297,91.16643
0.994031,0.969449,14,17,-113.1597,2.648513,-96.23174,128.4039,-12.911,90.87663
0.994657,0.970648,14,17,-113.0236,2.840328,-95.95284,128.9126,-13.68654,91.51962
0.993653,0.971206,14,17,-113.0236,3.167242,-95.06525,128.9126,-14.16052,92.31657
0.997427,0.976736,14,14,-112.9351,3.713398,-95.07362,127.4466,-14.63643,92.00119
0.996998,0.972362,14,17,-112.8965,4.038249,-95.87565,127.7719,-14.51431,91.67846
1.000651,0.972992,14,17,-112.8782,4.019979,-96.81927,127.6671,-14.05991,91.57397
0.997411,0.970311,14,17,-112.8782,2.892122,-96.38126,127.6671,-13.71734,91.60195
0.996899,0.972244,14,17,-113.2765,3.290357,-96.0761,128.43,-13.71544,91.58765
0.998919,0.975108,14,17,-112.7908,3.3608,-95.89857,128.4152,-14.15071,91.18664
0.996422,0.973577,14,17,-112.6486,3.369229,-95.36971,127.4853,-14.75922,91.91967
0.997753,0.975024,14,17,-112.6486,4.20025,-96.17612,127.4853,-14.9853,92.47585
1.002304,0.977442,14,17,-112.5564,4.209115,-96.51742,128.0592,-14.95106,92.27301
1.002554,0.974487,14,17,-112.6639,4.470276,-96.46878,127.6419,-15.06801,91.5899
1.005433,0.974004,14,17,-112.5816,5.389031,-95.68314,127.6419,-15.83515,91.6451
1.006192,0.980299,14,17,-112.5816,5.528019,-95.80643,127.8564,-16.17579,92.09045
1.004825,0.980431,14,17,-112.8873,5.664878,-95.84032,128.0316,-16.22553,92.10928
1.003764,0.9781,14,17,-112.5395,5.401518,-96.33633,128.1035,-15.83395,92.06556
1.003324,0.976795,14,17,-112.3815,4.816336,-96.72739,128.1035,-15.35043,91.92979
1.002524,0.975446,14,17,-112.3815,4.442438,-96.59544,128.3546,-14.67844,91.84486
1.001506,0.975971,14,17,-113.0693,4.069023,-96.16594,128.8698,-14.62224,90.99191
0.998481,0.972731,14,17,-112.2535,3.712981,-96.02333,128.7963,-14.37882,91.944
0.997989,0.975201,14,17,-113.2999,3.546373,-96.15575,128.7963,-14.65628,91.80807
0.999798,0.977393,14,17,-113.2999,3.504927,-96.22533,129.2176,-14.82232,92.02376
0.99971,0.974981,14,17,-112.5389,3.571787,-96.07483,128.2836,-14.92659,91.72166
0.997061,0.973886,14,17,-112.8589,3.760428,-96.35027,128.2836,-14.60974,91.61349
1.000613,0.974287,14,17,-112.4802,3.250141,-96.33826,128.9021,-14.34425,91.84057
0.998058,0.971771,14,17,-112.4802,3.268995,-96.08299,128.9447,-13.75187,91.59608
0.996359,0.973283,14,17,-112.1289,2.979479,-95.80566,129.0914,-13.82251,91.51269
0.993697,0.972535,14,17,-112.4767,2.913506,-95.99795,129.0914,-13.88147,91.39204
0.996826,0.972225,14,17,-112.6817,3.171199,-96.03345,128.9644,-14.08976,91.40115
0.996458,0.971357,14,17,-112.6817,2.972157,-95.96746,128.0038,-14.09518,91.78099
0.997606,0.975124,14,17,-112.6085,2.789834,-95.97724,128.078,-14.00637,91.35953
0.995147,0.971513,14,17,-112.7162,2.642025,-95.4825,128.078,-13.86303,91.38598
0.996492,0.974005,14,17,-112.9009,2.638458,-95.7326,128.1076,-14.00429,91.41286
0.997871,0.969928,14,17,-112.9009,2.65234,-95.77758,127.7793,-13.92697,91.4629
0.994674,0.968972,14,17,-112.7074,2.988048,-96.1906,128.8074,-14.00417,91.68424
0.997369,0.971486,14,17,-112.0688,2.723836,-96.64896,128.8074,-13.60048,91.77326
0.998166,0.97494,14,17,-112.411,2.623513,-96.08936,128.0173,-13.65464,91.43892
0.99757,0.977186,14,17,-112.411,2.881137,-95.70641,128.03,-14.10156,91.25025
0.993298,0.976209,14,17,-112.6033,3.35164,-95.07509,128.03,-14.67411,91.65085
1.000147,0.974138,14,17,-112.6789,3.493197,-95.35387,128.251,-15.00296,91.4748
0.999522,0.972128,14,17,-112.5143,3.80372,-95.9648,128.2276,-14.94537,91.52212
1.003262,0.976094,14,17,-112.5143,4.121262,-96.3101,128.4034,-14.88324,91.25607
1.003145,0.973866,14,17,-112.4932,4.163661,-95.68244,128.4034,-15.09271,91.50558
0.999186,0.975428,14,17,-112.6063,3.959264,-95.67187,128.8,-14.89735,91.61678
0.999708,0.974343,14,17,-112.4949,3.981725,-96.01781,128.4749,-14.95517,91.57072
0.996067,0.974635,14,17,-112.4949,3.620026,-95.86768,128.7911,-14.88378,91.53633
0.995765,0.974149,14,17,-112.5602,3.705536,-95.6049,128.7911,-14.79859,91.8372
0.99597,0.973498,14,17,-112.6609,4.049461,-95.84292,128.8287,-14.62311,91.46204
0.997453,0.971681,14,17,-112.7693,3.537752,-95.79897,128.7305,-14.48754,91.68687
0.997427,0.973189,14,17,-112.7693,3.516779,-95.96839,128.5844,-14.67983,91.47775
0.998311,0.972436,14,17,-112.6206,3.615385,-96.0237,128.5844,-14.85127,91.31268
0.997558,0.973437,10,17,-112.8059,3.835801,-95.56035,128.9415,-14.74654,91.35898
1.000538,0.974082,14,17,-112.6085,3.841865,-95.61061,128.6701,-14.81818,91.3808
1.001076,0.97402,14,17,-112.6085,3.731332,-95.19569,128.6701,-14.68927,91.06098
0.99726,0.9723,14,17,-112.743,3.657831,-95.31747,127.9074,-14.40759,90.9353
0.993578,0.971564,14,17,-112.3696,3.484604,-95.16635,129.5622,-14.25538,91.09871
0.992621,0.970404,14,17,-112.974,3.399783,-95.23817,129.2425,-13.94968,91.1468
0.988416,0.97149,14,17,-112.974,3.378841,-94.86925,129.2425,-13.91895,91.01562
0.992718,0.971284,10,17,-112.1713,2.715462,-95.15646,129.082,-13.58854,90.91814
0.993716,0.972321,14,17,-112.4014,2.772592,-95.17625,128.8409,-14.05498,90.46319
0.989917,0.97137,14,17,-112.1501,2.751427,-94.99026,127.858,-14.12097,91.11312
0.996561,0.970238,14,17,-112.1501,2.754136,-95.3165,127.858,-14.04865,91.57093
0.996119,0.971257,14,17,-112.8496,2.902903,-96.28005,128.2215,-13.82598,91.44543
0.994445,0.971374,14,17,-112.7209,2.721296,-95.92521,129.3667,-13.55395,91.24738
0.994971,0.968224,14,17,-112.7142,2.712825,-95.37782,130.3847,-13.26116,90.73804
0.993692,0.970411,14,17,-112.7142,2.941695,-95.63349,130.3847,-13.67513,90.77101
0.995053,0.9742,14,17,-112.3259,3.07836,-95.95174,129.7101,-13.95337,91.48994
0.995826,0.971207,14,17,-112.5369,2.85456,-95.98123,128.7035,-14.01208,91.92164
0.996801,0.973741,10,17,-112.3091,3.195859,-95.5537,128.7035,-14.13768,91.21415
0.997029,0.970996,14,17,-112.3091,3.595451,-95.29365,128.7541,-14.23047,90.80212
0.995787,0.972617,14,17,-112.0865,3.575325,-95.4485,128.3009,-14.39166,91.33567
0.996783,0.974108,14,17,-113.0496,3.561211,-95.31593,129.0259,-14.48031,91.80866
0.997846,0.974979,10,14,-112.1294,3.543375,-95.52518,129.0259,-14.31165,91.33936
0.996845,0.972467,14,17,-112.1294,3.796383,-95.52878,129.3305,-14.36426,90.84962
0.998353,0.974143,14,17,-112.3508,4.520733,-95.51491,129.3646,-14.84321,91.06531
0.995591,0.973074,14,17,-112.6343,4.501607,-95.38508,129.3616,-15.02346,91.82255
0.997855,0.974827,14,17,-112.6037,4.280603,-95.18076,129.3616,-14.94015,91.53642
1.000525,0.974425,14,17,-112.6037,4.311195,-95.76183,129.5871,-14.8314,91.12432
1.000798,0.974043,14,17,-112.6651,4.236474,-96.19981,129.0328,-14.37385,91.14095
0.997046,0.973535,14,17,-112.1337,3.753458,-95.91927,129.0328,-14.34445,91.30818
0.998942,0.976087,14,17,-112.4372,3.735807,-95.68233,129.3636,-14.48728,91.54606
0.991361,0.971389,14,17,-112.4372,3.771484,-95.31087,128.7701,-14.54031,91.64687
0.995962,0.973368,14,17,-112.536,2.748768,-95.69381,127.7035,-14.6214,91.31747
0.997938,0.975817,10,17,-112.6324,3.778179,-95.31105,127.7035,-14.52098,91.4542
0.997289,0.973496,14,17,-112.6324,3.812251,-95.22655,129.1201,-14.47848,91.32386
1.000133,0.973175,14,17,-112.4205,4.197248,-95.69282,129.1769,-14.6986,91.23649
0.999534,0.97345,10,17,-112.4973,3.98943,-96.24807,129.1769,-14.50886,91.34636
0.99606,0.972885,14,17,-112.6023,3.964676,-95.41766,130.3789,-14.21708,91.37505
0.994754,0.974037,14,14,-112.6023,3.793811,-95.45552,129.6443,-14.26284,91.24038
0.997178,0.972234,10,14,-112.5513,3.742423,-95.89723,128.7168,-14.56083,91.19233
0.99717,0.971801,10,14,-112.2403,4.009442,-95.27428,128.7168,-14.94308,91.20612
0.997914,0.975051,10,14,-111.6295,4.220644,-95.03195,128.6412,-14.97003,91.29504
0.996145,0.972368,10,14,-111.6295,4.530775,-95.36108,128.8268,-15.0458,91.72725
1.000029,0.974906,10,14,-112.5719,4.414982,-95.71617,129.0203,-14.90181,91.3913
0.998663,0.971143,10,14,-112.3015,3.628138,-95.9053,129.0203,-14.74867,91.09792
1.000173,0.975393,10,14,-112.0568,4.176055,-95.76637,129.8954,-14.83859,91.42728
1.00085,0.975766,10,14,-112.0568,4.148716,-95.68133,128.9695,-14.7772,91.47079
0.995437,0.973587,10,14,-112.0912,4.026993,-95.29066,128.9695,-14.89274,91.76473
0.997934,0.97192,10,14,-111.7173,4.181929,-95.71234,129.2352,-14.46534,91.30736
0.998798,0.973471,10,14,-112.1249,4.332697,-95.22906,129.0927,-14.72744,90.97637
0.995049,0.975819,10,14,-112.1249,4.571008,-95.17975,128.8,-15.09518,91.13894
0.998506,0.973144,10,14,-112.4604,4.983671,-95.08023,128.8,-15.46161,91.4348
0.999049,0.973501,10,14,-112.5016,5.212765,-95.3897,129.4379,-15.94433,91.74023
1.001448,0.976614,10,14,-112.5817,5.389509,-95.79745,129.441,-15.82893,92.06121
1.004755,0.975686,10,14,-112.5817,5.494012,-95.75822,129.2659,-15.47606,91.58733
1.001282,0.977465,10,14,-112.786,5.197598,-95.74023,129.2659,-14.99511,91.64376
1.000671,0.971402,10,14,-112.4222,4.492721,-95.67085,129.7155,-14.42863,91.50851
0.99988,0.972533,10,14,-112.4488,4.349032,-95.68129,129.3224,-14.24087,91.17171
0.996667,0.971704,10,14,-112.4488,4.148579,-95.11899,129.3224,-14.59124,91.70249
0.99665,0.970277,10,14,-112.729,4.053723,-95.06552,129.8221,-14.33045,91.1749
0.996059,0.971683,10,14,-112.9237,3.982263,-95.0575,129.3407,-14.4058,91.1996
0.995042,0.971977,10,14,-112.1932,4.116629,-95.61529,128.3414,-14.2529,91.3951
0.997792,0.973039,10,14,-112.1932,4.351125,-95.3897,128.3414,-14.5448,91.1727
0.995738,0.980328,10,14,-111.7693,4.913,-95.4901,128.9819,-15.23831,91.71108
1.003295,0.974386,10,14,-112.2158,5.684044,-95.0125,129.1471,-15.248,91.87039
1.002362,0.979242,10,14,-112.3262,7.433786,-93.70531,128.8432,-18.41067,92.22746
1.008605,0.967903,10,14,-112.3262,9.717966,-93.43335,128.8432,-18.93938,92.21859
1.007713,0.974905,10,14,-112.3215,10.73815,-94.20106,128.7901,-19.71724,91.47778
1.012101,0.981425,10,14,-112.5451,11.47577,-95.16923,128.1789,-18.52969,93.81882
1.01652,0.983804,10,14,-112.222,10.34681,-95.94881,128.1789,-17.64621,91.73751
1.008652,0.982329,10,14,-112.222,8.902879,-96.0191,127.6707,-17.55786,92.31432
1.007992,0.978424,10,14,-112.5464,8.084886,-96.37654,128.4228,-17.13988,91.89558
1.00116,0.981006,10,14,-112.1691,7.830214,-96.46588,127.596,-16.53883,92.50198
0.989916,0.98116,10,14,-112.7748,7.841307,-96.80894,127.596,-15.90548,93.37255
1.005075,0.97838,10,14,-112.7748,7.133159,-97.92442,127.3402,-14.71098,93.51828
1.006972,0.975753,10,14,-112.7997,4.81626,-97.78085,126.8231,-12.5618,93.24578
0.995009,0.969806,10,14,-113.269,2.790085,-97.30647,127.8411,-11.49764,91.8833
0.981673,0.969297,10,14,-112.5276,1.865923,-96.31068,127.8411,-10.75408,91.59308
0.981392,0.958526,10,14,-112.5276,0.690911,-96.33469,127.4206,-9.916232,91.42525
0.983525,0.960368,10,14,-112.0826,-1.713085,-96.70257,127.3513,-9.214277,90.49773
0.983573,0.966195,10,14,-112.984,-2.246334,-96.11752,127.3513,-8.082562,89.10117
0.986156,0.964761,10,14,-112.984,-3.351093,-93.81927,125.8553,-8.028801,88.32048
0.991008,0.970619,10,14,-113.0038,-3.193365,-92.75975,126.9562,-8.514884,87.9169
0.993366,0.971715,10,14,-112.84,-1.601073,-91.59818,126.2667,-10.05781,87.76385
0.981246,0.965883,10,14,-113.0929,0.505788,-90.74804,126.2667,-11.35299,87.91059
0.988429,0.969246,10,14,-112.8249,2.065447,-90.70413,126.333,-12.03477,87.93854
0.993006,0.968262,10,14,-112.8249,3.564195,-90.72295,127.1144,-12.11364,88.58959
0.987077,0.973547,10,14,-112.8118,3.713357,-91.0326,127.3301,-12.51349,89.47045
0.998721,0.972356,10,14,-112.8961,3.498192,-93.16758,127.3301,-12.57695,90.56715
0.984631,0.966739,10,14,-112.4858,3.214068,-93.26187,127.3886,-12.33647,90.32196
0.984488,0.966661,14,14,-112.4858,3.886805,-93.55702,127.6118,-12.3856,90.18509
0.9871,0.969391,10,14,-112.6972,3.773594,-94.27271,127.6118,-12.81193,89.94084
0.996534,0.97534,10,14,-112.627,3.815143,-94.2782,127.594,-12.71043,90.38938
0.994833,0.972979,10,14,-112.627,3.825198,-94.46568,127.2162,-12.83756,90.57106
0.993314,0.968786,10,14,-112.1946,4.056779,-94.80289,127.3512,-12.85707,90.48476
0.990478,0.971618,10,14,-112.4786,3.997664,-94.35855,127.3512,-12.60877,90.10321
0.990721,0.975497,10,14,-112.0405,4.290255,-94.16753,127.3999,-12.25699,90.31165
0.988544,0.970304,10,14,-111.6145,2.164268,-95.33249,127.6908,-10.05795,90.26705
0.984497,0.985045,10,14,-111.6145,1.317196,-94.64627,127.8408,-9.189915,89.94968
0.975829,0.973065,10,14,-112.0563,-0.465615,-94.65061,127.8408,-5.770978,89.87004
0.974891,0.987463,10,14,-111.3655,-3.429366,-93.64063,128.1458,-1.369885,85.09406
0.99527,0.993967,10,14,-111.3655,-6.150173,-93.11674,127.566,-0.11252,86.27013
1.014162,1.010152,10,14,-111.5901,-10.36762,-93.17925,127.4566,2.72398,88.71481
1.035855,1.034152,10,14,-111.7425,-14.25702,-94.69455,127.4566,4.60462,85.26818
1.052704,1.045082,10,14,-112.0052,-17.33503,-94.30988,128.0928,5.78539,84.65097
1.072059,1.047524,10,14,-112.0052,-20.84565,-93.18311,127.8544,6.745252,84.97073
1.077708,1.076594,10,14,-112.035,-22.32459,-92.46534,127.8544,4.741891,85.08486
1.090386,1.091976,10,14,-112.291,-21.54041,-92.15426,127.1555,2.776057,85.1041
1.094258,1.086586,10,14,-112.7263,-20.08029,-92.51393,127.5678,2.329414,85.7403
1.095459,1.125005,10,14,-113.3948,-18.86285,-92.70161,127.6599,1.643665,85.29546
1.106411,1.187167,10,14,-113.3948,-17.44314,-93.1903,127.6599,-0.082433,85.82168
1.183424,1.198146,10,14,-113.1915,-17.3087,-92.44454,127.775,-1.814704,85.79358
1.210137,1.337335,10,14,-113.2373,-16.00546,-93.72533,127.8063,-1.139535,81.45734
1.273486,1.292819,10,14,-113.5886,-15.96166,-93.47608,129.0803,-1.738571,82.44289
1.295198,1.306489,10,14,-113.5886,-14.94848,-91.89399,129.0803,-1.985351,84.57147
1.289913,1.240579,10,14,-114.0354,-15.55047,-90.99285,128.6588,-7.132001,83.82693
1.268789,1.269071,10,14,-114.9304,-16.25749,-89.8221,130.0653,-8.093399,81.61379
1.217566,1.295107,10,14,-115.7865,-15.05631,-88.7098,131.5098,-10.0253,82.57994
1.210559,1.117803,10,14,-115.7865,-13.22172,-86.90522,131.5098,-13.09903,80.59679
1.193712,1.380529,10,14,-116.3021,-12.30959,-85.93296,130.8582,-9.637883,81.46352
1.195157,1.082446,10,14,-116.7395,-8.505942,-85.99907,131.4623,-18.62407,81.00541
1.139838,1.090387,10,14,-116.7395,-2.926487,-85.30953,131.4623,-23.42063,81.92869
1.122967,1.031279,10,14,-117.362,2.390962,-88.18051,132.7133,-23.58377,83.32127
1.085142,1.023794,10,14,-117.8031,6.367772,-89.26431,132.5797,-22.69313,83.91643
1.133754,1.032483,10,14,-117.9675,6.912798,-94.5447,133.4395,-22.15865,84.39888
1.131879,1.036314,10,14,-117.9675,7.945711,-95.64917,133.4395,-25.00835,85.92154
1.114569,0.92837,10,14,-118.3181,7.895772,-98.36202,133.8787,-18.80549,89.10514
1.036749,0.881834,10,14,-118.4506,7.685662,-101.9204,134.0052,-21.34141,90.02554
0.9857,0.868273,10,14,-118.5823,6.520508,-103.6658,134.0052,-20.04581,91.14413
1.006033,0.881612,10,14,-118.5823,4.507059,-105.1757,134.2688,-21.01966,95.31209
0.885102,0.879559,10,14,-119.2841,4.894496,-105.4282,133.3775,-22.80177,90.29742
0.995423,0.856292,10,14,-119.9313,2.462048,-104.6124,132.8828,-18.8913,91.63953
0.99775,0.804933,10,14,-120.2869,2.098722,-103.0721,132.8828,-19.09611,88.64439
0.999835,0.768103,10,14,-120.2869,2.230768,-101.135,132.7112,-14.69866,88.23566
0.957074,1.240444,10,14,-120.8319,1.066388,-98.46791,132.5782,-24.43857,65.06837
0.890505,0.782192,10,14,-121.1556,-0.31006,-93.68797,131.1375,-16.06764,91.00908
0.854776,0.719679,10,14,-121.304,2.286268,-91.29321,131.1375,-5.959824,96.4049
0.827614,0.792852,4,14,-121.304,1.955645,-90.51129,130.8149,-16.58963,93.44722
0.817848,0.777203,10,14,-122.7718,3.292379,-90.32104,129.6378,-18.38723,96.53487
0.783242,0.802606,10,14,-123.3045,4.547372,-92.54341,129.6378,-20.05043,92.82421
0.789181,0.779616,10,14,-123.461,4.735233,-94.85406,128.2415,-17.91319,87.67192
0.820853,0.780726,10,14,-123.461,4.731553,-96.88655,127.2263,-19.12373,94.26352
0.803574,0.824678,10,14,-124.0696,3.512141,-95.27135,125.7246,-20.75104,93.6962
0.781221,0.821374,10,14,-124.8356,1.190121,-94.64993,125.7246,-20.1887,95.71736
0.797131,0.821049,10,14,-124.8356,1.416346,-96.68165,124.5789,-20.88801,95.22413
0.772077,0.818635,10,14,-124.8837,0.719781,-95.58176,122.718,-19.46935,94.49213
0.768735,0.808196,10,14,-125.5881,-0.100023,-95.87526,120.743,-18.17652,95.00404
0.757044,0.82056,10,14,-126.1983,-1.870095,-94.65662,120.743,-18.31901,96.00525
0.718832,0.799159,10,14,-126.1983,-2.533986,-94.33077,119.2217,-17.41503,93.02652
0.727193,0.822336,10,14,-126.4064,-4.594858,-92.66737,117.4646,-18.10356,95.33774
0.719826,0.83883,10,14,-127.4514,-6.041595,-90.7031,117.4646,-12.17019,81.77526
0.749071,0.88273,10,14,-127.8387,-7.209062,-89.02173,115.7516,-16.42164,92.34934
0.807138,0.945119,10,14,-127.8387,-8.334626,-87.64922,112.7438,-15.54403,90.68709
0.859325,0.954439,10,14,-128.7469,-10.18494,-88.01609,110.3831,-13.67475,90.66331
0.868369,0.971603,10,14,-128.841,-12.61489,-89.34421,110.3831,-10.88939,93.11521
0.869382,0.96343,10,14,-129.029,-16.58038,-92.14391,108.0525,-7.640817,92.87447
0.883133,0.950547,10,14,-130.0606,-21.47851,-95.28107,106.4818,-5.110274,93.10611
0.896851,0.958829,10,14,-130.0606,-27.28997,-99.70671,102.7744,-3.154619,96.19627
0.94627,0.962389,10,14,-129.8427,-29.69634,-104.9355,102.7744,-1.787053,96.26556
0.995122,0.978597,10,14,-129.6866,-31.71129,-108.0368,98.96238,-2.307802,93.87042
1.121143,1.011201,10,14,-129.9432,-33.36826,-110.6015,96.91167,-1.355007,91.46606
1.222707,1.053139,10,14,-129.9432,-33.10249,-108.7921,96.91167,4.621308,92.99126
1.233801,1.072326,10,14,-131.1837,-32.86836,-105.0072,93.01399,8.241852,84.91172
1.221603,1.041662,10,14,-131.0165,-34.03951,-100.8894,91.84667,8.255629,85.35686
1.238528,1.086311,10,14,-131.6409,-36.04104,-98.40945,89.65891,13.03959,83.14083
1.236579,1.358645,10,14,-131.6409,-39.08935,-96.59836,89.65891,15.11283,73.55572
1.266353,1.079937,10,14,-131.5266,-40.03172,-96.0524,86.48352,10.5781,83.9474
1.282952,1.031821,10,14,-131.1828,-39.27795,-94.33284,87.05535,6.599412,84.37151
1.239553,1.028831,10,14,-131.1828,-37.11587,-93.30438,87.05535,3.49779,85.17503
1.199023,1.234679,10,14,-131.9098,-32.92188,-93.8679,88.05041,-25.03104,86.85552
1.146183,0.977404,10,14,-131.6979,-28.49043,-92.84612,87.92505,-0.579296,84.82921
1.121231,0.954168,10,14,-131.3419,-25.87997,-93.05029,90.14761,-5.028319,85.55363
1.102966,0.975087,10,14,-131.3419,-23.21025,-92.88013,90.14761,-6.011204,87.11546
1.086613,1.025623,10,14,-131.5323,-19.91269,-94.30766,90.68032,-7.295193,88.84558
1.09034,1.021882,10,14,-131.1982,-16.34757,-97.24145,92.32633,-4.423295,102.1031
1.137388,1.687972,10,14,-130.2852,-13.20074,-100.9751,95.22937,17.74325,96.78121
1.406667,1.769992,10,14,-130.2852,-11.96834,-100.5568,95.22937,23.56201,72.00444
1.556731,1.403758,10,14,-129.6521,-9.195004,-102.2355,96.81262,12.3246,57.71313
1.351126,1.030245,10,14,-128.5528,-10.16753,-100.2621,96.53073,-2.490834,89.65364
1.258189,1.128603,10,14,-128.3331,-13.27141,-102.1434,99.32896,-10.31844,112.0925
1.265947,1.209601,10,14,-128.3331,-14.19738,-105.8855,99.32896,-15.7514,118.6076
1.009511,1.298553,10,14,-127.9521,-20.86003,-107.6699,100.3269,-17.91151,130.5774
0.856138,0.969242,10,14,-128.0092,-15.41231,-111.8651,101.7179,-16.89613,118.6571
0.748487,0.963206,10,14,-127.5213,-3.471546,-94.50024,101.7179,-1.045081,75.11697
0.930881,1.140264,10,14,-127.5213,13.93495,-74.34792,101.9646,-5.344114,58.52359
1.183344,1.068145,10,14,-126.7542,24.21578,-76.42718,103.5492,-21.50476,77.36362
1.200994,1.03191,10,14,-126.3641,26.35398,-85.26603,103.4379,-22.66623,89.94127
1.101749,0.991559,10,14,-125.7178,18.06907,-87.79381,103.4379,-26.40169,91.09013
1.030038,0.958801,10,14,-125.7178,3.191181,-83.67294,104.8653,-26.32352,87.93354
0.995413,1.035148,10,14,-125.3294,-3.059664,-85.88608,105.1389,-21.84008,78.63871
1.045955,1.011243,10,14,-125.3808,-5.626072,-86.26701,105.1389,-12.3263,77.43973
0.997136,1.021509,10,14,-125.3808,-6.110419,-80.29485,105.421,-6.342631,76.05476
0.987578,1.036403,10,14,-124.8282,-6.643427,-82.48564,105.6629,-3.431661,88.05708
0.990634,1.020498,10,14,-125.0665,-6.81823,-97.69091,107.0195,-4.216358,94.86859
1.053516,0.98882,10,14,-124.2911,-4.679564,-112.7156,107.0195,-1.350326,101.3453
1.187065,0.972171,10,14,-124.2911,-9.616925,-116.8508,106.8514,-2.409422,101.9683
1.081256,0.97671,10,14,-124.0034,-11.78747,-108.1008,108.5615,-5.724196,99.61486
0.938717,0.952242,10,14,-123.3593,-6.930893,-90.39007,109.3349,-9.401477,94.12193
0.902297,0.947002,10,14,-122.6412,2.592252,-80.01942,109.3349,-12.8134,86.39061
0.897584,0.987687,10,14,-122.6412,8.582923,-84.63657,109.851,-11.41304,80.16141
0.945244,0.964124,10,14,-122.0255,6.067848,-90.647,110.4144,-17.10607,81.2423
0.956219,1.265957,10,14,-121.3693,3.51106,-88.82444,110.4144,-9.339653,69.31362
1.005692,1.01285,10,14,-120.7724,-0.938362,-81.72686,111.8524,-8.338696,70.29996
1.026308,1.018052,10,14,-120.7724,-2.548118,-75.58593,111.5646,-9.383268,74.36768
1.051421,0.987438,10,14,-119.9343,-2.061395,-78.31041,113.0792,-9.921184,75.69447
1.005852,0.953082,10,14,-119.4534,0.444767,-81.86597,113.0792,-12.72277,82.09904
0.958001,0.947845,10,14,-119.4152,2.448733,-83.41261,114.1491,-14.62376,88.24294
0.932162,0.919914,10,14,-119.4152,4.492627,-85.52745,114.9612,-13.70918,89.06921
0.935525,0.946268,4,14,-118.0175,0.863029,-90.56046,114.9612,-7.865991,84.01968
0.937303,1.501726,10,14,-118.2919,-3.085232,-93.89034,115.0774,0.919343,89.41342
0.98689,0.980069,10,14,-117.6192,-5.099363,-93.34767,115.3733,-3.932949,83.82916
0.969051,0.96637,10,14,-117.6192,-3.883746,-89.1866,117.0461,-7.916742,80.95429
0.96268,0.953638,10,14,-116.2273,-3.396538,-87.11835,117.0461,-9.844802,83.04939
0.961126,0.946685,10,14,-115.76,-2.342497,-86.12468,116.8086,-10.19155,81.71128
0.910816,0.887871,10,14,-115.6418,2.022659,-91.34401,118.7196,-9.099874,85.77435
1.005195,0.90948,10,14,-115.6418,-1.630923,-94.55104,118.7603,-10.23028,81.89751
0.889466,0.937018,10,14,-115.5184,2.539206,-89.79941,118.7603,-4.839787,88.01565
1.001215,1.008556,10,14,-114.9328,-0.733089,-90.89724,120.4169,-15.64231,82.63484
0.96361,0.656544,10,14,-114.6385,1.055526,-89.70979,119.9145,-10.56821,101.636
0.9538,0.945314,10,14,-114.6385,3.765982,-92.45383,119.9145,-7.888906,85.26922
0.949083,0.938143,10,14,-114.4442,6.535959,-93.16708,120.4757,-10.76659,85.84765
0.972797,0.957335,10,14,-113.7198,6.715896,-92.88445,121.482,-15.37485,86.49169
0.955438,0.951533,10,14,-113.0581,5.18321,-91.43265,121.3117,-11.85287,86.76688
0.969514,0.96137,10,14,-113.0581,4.887015,-90.88647,121.3117,-13.78381,87.3563
1.007112,0.959631,10,14,-112.7292,6.437174,-92.67963,121.8785,-14.50041,86.4314
0.984883,0.94977,4,14,-112.4733,6.354526,-91.74273,122.9053,-14.68855,86.31498
0.960789,0.937861,4,14,-111.4425,7.595881,-92.46325,123.8785,-12.99017,84.17676
0.954584,0.949412,4,14,-111.4425,4.901166,-89.45613,123.8785,-13.22616,84.43992
0.931668,0.964498,4,14,-111.2837,2.58558,-88.3024,123.215,-12.53629,82.57339
0.954298,0.961889,4,14,-111.3458,1.915805,-88.35076,124.3052,-12.06133,83.42019
0.980905,0.964645,4,14,-110.2972,0.559412,-90.51311,124.3052,-12.20794,83.21523
0.968931,0.9842,4,14,-110.2972,2.121466,-87.84457,126.1102,-14.16742,84.70742
0.944153,0.98617,4,14,-110.3331,4.554279,-90.12997,125.8962,-16.54216,84.9321
1.009724,0.989593,4,14,-109.9271,7.637641,-91.5508,126.0308,-19.68633,86.43045
1.066091,1.017249,4,14,-109.3245,7.826844,-91.08217,126.0308,-21.82957,89.57066
1.023039,1.004891,4,14,-109.3245,8.572786,-93.70974,126.735,-21.91702,90.01875
1.003259,1.015371,4,14,-108.7932,10.61622,-96.87839,127.9572,-23.94612,91.08099
1.013044,1.022188,4,14,-108.7819,15.03829,-94.63844,128.2715,-23.38854,92.55639
0.966439,1.02939,4,14,-108.3956,18.9424,-97.70455,128.2715,-24.38421,91.45026
1.032066,1.03045,4,14,-108.3956,14.18119,-99.12352,130.2516,-23.70388,91.78204
0.999716,1.040584,4,14,-107.2229,13.97548,-98.35173,130.7089,-21.40959,90.50147
1.072307,1.032027,4,14,-106.2337,13.70895,-97.26276,130.7089,-21.98623,90.1534
1.047797,1.044853,4,14,-106.2337,11.78423,-94.19147,132.0431,-23.74071,91.16579
1.020778,1.051882,4,14,-106.2406,12.65115,-92.26747,132.0834,-23.40577,90.65896
1.087462,1.028412,4,14,-105.5663,12.60364,-92.0983,132.6411,-23.60532,88.46807
1.04956,1.029722,4,14,-105.4019,12.06705,-91.35542,132.6411,-23.7402,86.53468
1.038179,1.046265,4,14,-105.4019,15.19902,-90.03139,133.3356,-22.69633,84.58232
1.085066,1.061862,4,14,-104.5646,12.45375,-88.56823,133.1479,-21.15056,83.32893
1.058589,1.118309,4,14,-103.9319,8.473056,-90.43729,133.1479,-17.99281,83.60864
1.106591,1.11644,4,14,-103.994,5.386662,-92.15139,134.2857,-16.46039,84.91078
1.100402,1.119214,10,14,-103.994,5.854301,-93.43752,135.0925,-14.89736,85.44218
1.121674,1.116239,10,14,-103.5423,1.483342,-92.73461,135.8232,-13.69064,86.61102
1.105831,1.131037,4,14,-103.2144,-3.792277,-93.69904,135.8232,-14.12864,83.96314
1.163116,1.231723,4,14,-103.0127,-6.592253,-89.62491,136.5168,-14.92622,86.77684
1.281805,1.289937,4,14,-103.0127,-3.374827,-89.25977,137.7318,-10.98359,90.21529
1.23105,1.263082,4,14,-102.4483,-5.753109,-95.93149,138.7132,-6.018382,90.2059
1.211574,1.268962,4,14,-102.4096,-12.59192,-101.3957,138.7132,-1.785045,89.58115
1.221183,1.327235,4,14,-101.999,-18.44795,-103.1984,139.8801,2.397027,91.08595
1.275849,1.381067,4,14,-101.999,-20.21721,-102.4012,140.6313,4.161571,92.1395
1.308976,1.463159,4,14,-101.5866,-20.57708,-103.3833,140.6313,4.878833,91.98303
1.363802,1.511736,10,14,-101.2915,-21.68462,-103.8637,142.4244,6.46169,91.5591
1.396897,1.499728,10,14,-100.8289,-25.10236,-106.2562,143.9754,7.819613,91.04919
1.435845,1.474651,10,14,-100.8289,-27.33591,-104.8019,145.5896,6.252826,90.46732
1.409295,1.397176,10,14,-100.349,-28.62454,-102.3921,145.5896,5.217844,86.29738
1.359309,1.33447,10,14,-100.951,-25.82689,-98.13697,146.5588,4.065556,79.4697
1.25942,1.241677,14,14,-100.6444,-20.31506,-91.53896,148.4075,4.426413,75.97882
1.216692,1.127127,14,14,-100.6444,-11.77996,-86.89391,149.3841,8.170475,76.76307
1.1367,1.008403,14,14,-101.1548,-5.394891,-76.57574,149.3841,-5.951281,59.11094
1.159083,1.023104,14,14,-101.5285,7.86763,-76.48129,150.9191,-32.99269,61.15387
1.223024,1.234615,14,14,-101.9761,21.45642,-78.43173,151.3379,-54.64474,89.45695
1.302698,1.490649,14,14,-101.9761,33.27186,-89.94866,151.4915,-56.40853,110.5595
1.460707,1.515647,10,14,-102.3053,35.55138,-99.6267,151.4915,-47.71928,121.4716
1.467384,1.24777,10,14,-102.0151,34.15629,-101.8626,153.4028,-30.94697,120.8383
1.335954,1.009732,10,14,-101.6962,26.77182,-98.68623,153.7671,-18.45496,108.5953
1.151369,0.877047,10,14,-101.6962,20.40238,-93.32805,153.7671,-20.61398,99.62051
1.093086,0.869913,10,14,-102.0158,16.80571,-89.78958,154.6285,-30.35583,79.18041
1.034443,0.920892,4,14,-102.4276,14.9158,-94.03828,155.0199,-34.04624,58.22475
1.078867,0.872704,4,14,-102.7602,16.33387,-98.8596,155.4365,-29.14208,54.61956
1.119455,0.754812,4,14,-102.7602,16.13184,-101.1729,155.4365,-26.02889,56.85732
1.184153,0.651682,4,14,-103.683,16.97957,-99.74947,155.3312,-29.03453,63.81351
1.177652,0.667669,4,14,-104.208,17.97562,-97.62619,154.8466,-44.96624,92.45709
1.162866,0.842118,4,14,-105.242,20.34883,-95.93132,154.362,-50.02323,102.568
1.096797,1.086661,4,14,-105.242,25.84752,-92.88345,154.362,-52.27398,115.9045
1.09132,0.943919,4,14,-106.2856,28.27937,-91.61124,153.2605,-50.78504,111.2826
1.081534,0.844278,4,14,-107.0928,28.85341,-90.00738,152.8668,-49.82942,102.0311
1.069278,0.789521,4,14,-108.2042,30.1678,-92.27656,152.8668,-49.50063,96.71581
1.064826,0.864792,4,14,-108.2042,31.9986,-95.95553,151.0083,-50.52379,99.04533
1.036813,0.833847,4,14,-109.4,34.7451,-96.22331,150.0781,-51.52045,106.1999
1.034218,0.816901,4,14,-109.9746,36.9602,-99.17864,148.1745,-51.76501,104.9635
0.975854,0.857717,4,14,-110.5604,39.08012,-97.9846,148.1745,-48.40772,107.2119
0.91948,0.883163,4,14,-110.5604,38.53673,-96.61871,146.6683,-45.80287,105.6694
0.921398,0.86511,4,14,-111.8915,29.40853,-97.08505,144.4791,-44.23783,103.9761
0.846353,0.826871,4,14,-112.8634,31.06762,-95.96964,141.9574,-39.93295,99.41882
0.800839,0.82015,4,14,-114.4344,27.19011,-94.09052,141.9574,-36.95491,93.83714
0.754372,0.84145,4,14,-114.4344,24.86504,-90.45958,139.8382,-34.91857,92.50826
0.706588,0.857194,4,14,-115.1069,19.61223,-88.37197,137.6646,-31.9634,92.75969
0.674902,0.925449,4,14,-116.5127,15.10423,-87.68217,137.6646,-29.28457,91.78423
0.686201,0.97481,4,14,-116.5127,10.99767,-84.51244,135.4018,-28.25863,93.27037
0.738636,1.004622,10,14,-117.7056,7.793551,-80.75202,132.3166,-27.78027,93.79733
0.754202,1.025881,4,14,-118.7873,5.546404,-81.79154,130.494,-27.91345,94.79791
0.760055,1.986098,4,14,-119.4977,3.367975,-85.9938,130.494,-9.174031,137.4738
0.769598,1.042741,4,14,-119.4977,5.67237,-92.76213,126.5252,-27.20871,95.60184
0.805247,1.123543,4,14,-120.1262,4.788625,-95.08086,124.5022,-22.36355,104.6188
0.827907,1.148523,4,14,-120.9159,0.776787,-97.46436,124.5022,-23.28202,104.2218
0.781355,1.146183,10,14,-121.7713,0.603874,-100.3493,122.5779,-21.34435,104.4428
0.86035,1.146511,10,14,-121.7713,-4.077981,-102.592,118.499,-19.74924,102.2952
0.918457,1.114852,10,14,-122.3053,-8.709688,-103.2136,115.4136,-19.31804,97.69365
0.972316,1.148374,10,14,-122.7301,-11.27322,-104.9777,115.4136,-20.82223,96.97559
1.049391,1.155235,10,14,-123.5062,-14.87075,-102.8118,111.449,-19.2956,99.46707
1.112127,1.124008,10,14,-123.5062,-20.03153,-103.405,108.8647,-11.83139,99.11813
1.175525,1.110949,10,14,-123.795,-25.0747,-104.5362,105.4531,-6.510486,96.89408
1.285905,1.094446,10,14,-123.9541,-29.90211,-103.8872,105.4531,-4.25437,89.3083
1.365345,1.110964,10,14,-124.4186,-34.92442,-102.011,103.1396,-2.646689,88.09116
1.452595,1.116495,10,14,-124.4186,-38.93184,-95.74414,102.1379,-0.112693,85.55039
1.51604,1.106228,10,14,-125.0242,-38.05529,-91.98543,102.1379,-3.509152,86.65231
1.475426,1.11195,10,14,-125.4202,-37.73236,-87.00043,101.9395,-10.05306,96.65147
1.31256,1.042366,10,14,-125.4202,-34.09846,-85.49672,102.5059,-11.90819,89.30779
1.244455,1.022496,10,14,-125.6883,-26.66067,-89.17975,101.2319,-17.60935,91.66782
1.019153,1.033995,4,14,-125.9788,-21.10875,-98.55276,101.2319,-21.94221,94.95853
1.034882,1.100324,10,14,-126.1798,-10.73476,-94.58694,103.0638,-24.7611,95.6549
1.09741,1.259464,10,14,-126.1798,-0.535056,-95.21778,102.3994,-20.73804,99.30769
1.150097,1.845431,4,14,-126.6696,0.361633,-93.47568,105.2501,-2.582245,96.39839
1.643513,1.682498,4,14,-126.4922,-1.799372,-92.59232,105.2501,6.957322,77.66685
1.80228,1.231889,10,14,-126.7124,0.94251,-99.90776,105.6806,9.862301,71.91019
1.398927,1.158755,10,14,-126.7124,2.574191,-97.10826,105.6191,4.713612,91.13802
1.181066,1.126067,10,14,-125.7777,-7.362082,-109.9222,105.6191,-9.645426,103.9813
1.126048,1.10417,10,14,-125.7096,-16.01868,-119.7857,108.1148,-15.74875,115.6487
0.910642,1.312405,10,14,-125.3202,-17.53983,-104.2256,108.4025,-22.61139,122.6803
0.986598,1.281986,10,14,-125.3202,6.036991,-68.07753,108.2561,-32.64891,110.7558
1.246771,1.094646,4,14,-124.8212,24.48194,-58.78902,108.2561,-32.3266,78.87829
1.146299,1.130252,4,14,-124.7153,34.12058,-80.66664,108.1573,-20.68865,62.21975
1.19678,0.96999,4,14,-124.7893,30.6575,-117.6264,106.8094,-19.12575,76.8536
1.129969,0.940497,4,14,-124.7893,19.2198,-116.2999,106.8094,-16.82607,92.57488
1.081823,1.011963,4,14,-124.2007,8.992367,-103.5396,107.7036,-19.29969,90.72824
0.987527,1.042725,10,14,-123.6463,2.712029,-86.18475,109.9582,-25.94612,93.74886
0.95715,1.003316,10,14,-123.4982,3.346686,-81.10896,111.6261,-24.27514,92.04104
1.001782,0.984071,10,14,-123.4982,6.562867,-91.2749,111.6261,-17.98448,91.32198
0.928327,0.947088,4,14,-123.4453,7.977184,-91.35352,112.2877,-13.65763,90.09494
0.969313,0.94059,4,14,-122.5411,8.22759,-86.47117,113.4551,-12.87939,83.84755
0.939337,0.938215,4,14,-121.7065,7.702823,-83.77383,114.4287,-14.94299,82.49097
0.980661,0.963271,4,14,-121.7065,8.365806,-84.92494,114.4287,-16.37523,81.96403
1.002083,0.958636,4,14,-120.7052,6.964789,-87.85965,116.0603,-15.1003,78.68859
0.987595,1.008555,4,14,-120.1049,2.428441,-89.52889,116.6314,-13.29796,73.54053
0.943491,0.992097,4,14,-119.5356,5.7626,-81.86358,117.0984,-12.60412,76.23342
0.905626,0.99843,4,14,-119.5356,1.238918,-78.69764,117.0984,-12.64482,78.73439
0.962754,0.947279,4,14,-118.6916,1.150868,-79.08101,118.1783,-12.34463,79.17154
0.919381,0.928717,4,14,-118.1093,3.869081,-81.51803,119.3051,-12.33713,83.78956
0.953222,0.935314,4,14,-117.7124,1.862938,-86.42825,119.3051,-14.18342,88.29231
0.970654,0.975723,4,14,-117.7124,4.245521,-87.80059,120.0651,-15.0188,90.1706
0.968585,0.958763,4,14,-116.8001,3.62887,-90.81355,120.3916,-13.67192,89.82368
0.886921,0.956533,4,14,-115.6575,0.937916,-95.45098,121.8131,-11.45801,85.84692
0.948178,0.964513,4,14,-115.4125,2.909554,-94.72962,121.8131,-11.01842,84.90985
0.998716,0.966189,4,14,-115.4125,-3.414069,-97.04327,122.9128,-11.64466,87.15124
0.723919,0.959201,4,14,-114.7656,0.043452,-100.0894,124.1948,-11.15818,85.509
0.951377,0.962735,4,14,-113.7477,12.25302,-80.09764,124.6899,-13.4128,86.47465
0.95926,0.956273,4,14,-113.5612,13.11414,-82.80956,124.6899,-13.36236,85.49123
1.022478,0.953787,4,14,-113.5612,9.564062,-92.35434,124.9375,-13.7484,85.74451
0.98882,0.951041,4,14,-112.9706,9.792379,-92.02697,125.9695,-11.20645,83.55762
0.964302,0.895288,4,14,-112.4706,8.028989,-92.76827,125.3674,-12.34948,87.72952
0.950243,0.972751,0,14,-112.1098,10.42586,-90.49366,125.3674,-13.1024,82.6796
0.979562,0.968359,0,14,-112.1098,5.230761,-92.90338,126.4395,-11.09914,83.87914
0.984464,1.025875,0,14,-111.8338,3.459997,-91.72881,127.1994,-9.487188,87.43617
0.97475,0.976808,0,14,-110.6729,2.912745,-92.38818,127.1994,-11.29368,86.95557
0.932064,0.946189,0,14,-110.4519,0.674978,-93.12158,128.7843,-11.32118,87.02642
0.966409,0.944517,4,14,-110.4519,1.77238,-93.16759,127.9297,-9.982157,83.65234
0.973204,0.966246,0,14,-110.2279,-0.244207,-91.8175,128.8661,-10.17046,82.53358
0.986535,0.960539,0,14,-110.1765,0.017714,-89.46858,128.8661,-10.24632,83.87623
0.958508,0.950867,4,14,-109.3011,0.091158,-88.38811,130.7222,-10.19479,83.49154
0.968472,0.955301,4,14,-109.3011,-0.104656,-88.48412,130.2239,-11.63356,84.6845
0.94579,0.950746,0,14,-109.5337,-0.033258,-86.96468,130.2239,-12.47204,83.93463
0.958242,0.961789,0,14,-109.0042,-0.207899,-88.74155,131.3546,-12.94849,85.37137
0.95051,0.976041,4,14,-109.0042,-0.8531,-89.58812,132.6792,-11.60957,85.68961
0.987759,0.978778,0,14,-108.9545,-3.125919,-93.03477,132.9287,-11.48919,84.66866
0.962251,0.987307,4,14,-108.6868,-3.245247,-94.15093,132.9287,-11.63065,87.26664
0.94161,1.004934,4,14,-108.3091,-2.157049,-93.7654,133.2678,-12.50108,86.82076
0.971769,1.029362,4,14,-108.3091,-0.579059,-95.44289,134.1322,-14.00566,88.5651
1.047116,1.059558,0,14,-107.4075,1.715876,-97.00656,134.1322,-14.61228,88.75227
1.082892,1.087128,0,14,-107.4154,2.544112,-98.65234,135.0391,-13.60117,88.77275
1.07356,1.073316,4,14,-106.5561,3.69763,-97.56123,136.132,-14.28982,91.37785
1.080133,1.083629,4,14,-106.5561,4.278405,-97.00347,137.1345,-17.68996,94.59552
1.040892,1.081819,4,14,-105.8921,6.862828,-97.81969,137.1345,-20.48331,96.11244
1.03516,1.071243,4,14,-105.6323,10.31289,-98.00489,139.0956,-20.96705,95.57466
1.007405,1.077387,10,14,-104.5069,10.3145,-98.62981,139.9245,-18.70448,92.28157
1.057726,1.085648,10,14,-104.5069,8.680517,-96.78795,141.1934,-17.43312,90.09785
1.059696,1.098176,10,14,-104.4053,7.248883,-95.86509,141.1934,-16.67569,88.65434
1.082505,1.121617,10,14,-103.7249,6.243667,-94.55515,142.695,-16.97104,87.59819
1.124633,1.162276,10,14,-102.7094,5.830818,-94.15528,142.1961,-17.52661,88.5051
1.087255,1.134237,10,14,-102.7094,2.871801,-96.41519,142.1961,-17.79963,89.14234
1.100163,1.126518,10,14,-102.7473,1.518707,-97.52156,143.1665,-18.80837,87.84288
1.102706,1.215171,10,14,-102.9418,-1.676912,-94.4882,144.1609,-22.17545,83.39777
1.305675,1.339579,10,14,-102.2127,2.184806,-88.43809,147.0197,-18.91841,90.11308
1.347444,1.319301,10,14,-102.2127,2.446726,-88.89395,147.0197,-13.81099,90.70385
1.25701,1.277432,10,14,-101.8257,-2.778751,-97.90295,147.4498,-6.729586,88.20347
1.145091,1.310521,10,14,-101.8985,-20.70189,-103.4823,148.1284,3.706924,87.85616
1.239344,1.422484,10,14,-101.6764,-29.92983,-102.6968,149.551,8.560053,86.01883
1.380961,1.522612,10,14,-101.6764,-36.54087,-98.47625,149.551,8.016506,84.61879
1.518753,1.654105,10,14,-101.0641,-36.71313,-94.89762,150.2755,7.488469,85.35759
1.61922,1.803078,10,14,-101.1813,-33.02259,-92.20418,151.8869,11.44848,84.7497
1.58787,1.751039,10,14,-101.7478,-29.989,-86.73009,153.1525,14.84395,83.17593
1.491267,1.54323,10,14,-101.7478,-22.091,-86.80122,153.1525,12.2179,81.59069
1.399081,1.183478,10,14,-102.411,-16.17432,-82.55042,154.2885,8.539743,76.51205
1.205112,1.116813,10,14,-103.2723,-13.45547,-70.58428,155.0514,-6.104636,54.05986
1.02378,1.140864,10,14,-103.6484,6.0126,-67.69437,155.843,-25.267,50.37357
1.29194,1.246902,10,14,-103.6484,23.63505,-86.56956,155.843,-50.00993,68.66187
1.429106,1.564522,4,14,-103.8836,28.30576,-88.54153,156.364,-57.65322,99.48772
1.675388,1.779321,4,14,-103.602,36.11161,-99.70387,155.9804,-59.66281,116.6224
1.718286,1.655631,4,14,-102.9176,35.45604,-103.2961,155.9804,-58.03871,116.7291
1.548909,1.425358,4,14,-102.9176,34.31632,-97.17381,157.5134,-48.49818,129.1707
1.352035,1.211854,4,14,-103.058,33.11208,-88.9568,158.4839,-29.56393,134.1723
1.13552,0.961953,0,14,-103.0059,21.31998,-88.47335,158.6315,-22.35139,122.8478
1.067,0.818938,0,14,-103.8281,12.97378,-94.13136,158.6315,-32.39199,95.06584
1.100195,0.814511,4,14,-103.8281,10.03898,-98.36279,159.1013,-38.49881,71.58586
1.133005,0.79066,4,14,-103.9691,12.66082,-99.96183,159.2097,-41.34882,59.72194
1.164251,0.719179,4,14,-105.2265,17.238,-102.4954,159.2097,-38.05835,57.76171
1.17126,0.676796,4,14,-105.1639,21.22706,-105.0417,159.0813,-33.24183,51.6073
1.149236,0.631355,4,14,-105.1639,23.59155,-106.6087,159.3155,-33.35014,54.5617
1.121585,0.571964,4,14,-106.0262,22.24301,-105.9898,158.4028,-35.24568,64.29829
1.062967,0.581336,10,14,-107.2128,24.17047,-103.6953,158.4028,-41.20502,95.41798
1.043044,0.733981,4,14,-107.9352,26.37811,-102.1609,158.0026,-47.33627,108.6971
1.029487,1.067893,10,14,-107.9352,31.2212,-100.7782,157.5414,-42.95363,142.9557
1.039193,1.142994,4,59,-108.8174,33.4969,-99.49283,157.5414,-49.17997,148.6744
1.034792,1.021833,4,196,-109.575,34.868,-102.1019,156.055,-57.50029,143.908
1.075568,0.81398,4,85,-110.3366,36.15686,-102.7379,154.4767,-63.38535,124.5939
1.049034,0.712906,4,46,-110.3366,39.42311,-103.6189,153.5953,-64.14356,102.6593
1.020595,0.602596,4,31,-112.1841,39.37464,-104.3113,153.5953,-60.79676,94.1881
0.942541,0.627674,4,17,-113.3429,38.91922,-104.0131,152.2788,-57.435,102.9799
0.851934,0.652868,4,14,-114.1268,44.01891,-105.7315,150.0686,-51.3192,112.4743
0.816728,0.686515,4,14,-114.1268,39.96497,-101.1533,147.86,-47.27015,112.7001
0.75922,0.740819,4,14,-115.5454,38.18917,-96.97536,147.86,-45.60696,105.7768
0.711539,0.754348,4,14,-116.5463,38.04721,-93.57634,146.4302,-41.28876,100.9121
0.629797,0.790175,4,14,-116.5463,34.77056,-88.23647,143.6674,-34.22113,97.43487
0.591159,0.815524,4,14,-117.4652,21.21552,-81.2008,143.6674,-26.95908,93.81567
0.498292,0.830568,4,14,-119.1204,12.11209,-74.89714,141.4216,-24.67395,88.25854
0.650988,0.925311,4,14,-119.9853,-2.411315,-74.12842,139.0679,-25.26405,87.05417
0.669323,1.028474,4,14,-119.9853,0.8564,-73.47283,135.5731,-25.8336,88.22518
0.759922,1.158965,4,14,-120.6175,0.188568,-80.96186,135.5731,-26.55898,89.23804
0.849447,1.232465,4,14,-121.3965,4.019038,-86.55385,132.7608,-25.3989,93.52131
0.954443,1.281146,4,14,-122.4754,1.223157,-89.87547,130.8149,-23.65274,95.29392
0.930878,1.3066,4,14,-122.4754,-0.972479,-90.19902,130.8149,-24.56882,94.32178
0.972501,1.26799,4,14,-122.285,-2.146042,-88.64404,126.8644,-24.3604,96.23627
0.989067,1.221227,4,14,-122.7185,-6.44843,-91.98119,123.6675,-18.18199,97.87791
1.108148,1.195049,4,14,-123.0061,-15.55974,-100.6524,121.7488,-16.05781,98.0733
1.216408,1.208513,4,14,-123.0061,-21.848,-109.7781,121.7488,-16.01552,95.98334
1.203965,1.156763,4,14,-123.4504,-24.61535,-115.2283,118.9482,-10.56825,100.3213
1.160347,1.169285,4,14,-123.1449,-28.15592,-117.0616,115.7782,-2.024003,95.16032
1.274924,1.151004,4,14,-123.5381,-33.90628,-109.1139,113.7942,1.928552,89.11887
1.45907,1.174527,4,14,-123.5381,-38.45399,-98.23825,113.7942,2.759544,84.38723
1.628679,1.139277,4,14,-123.4944,-41.78507,-91.08793,112.7753,1.696726,80.77431
1.751097,1.056292,4,14,-123.5053,-43.48004,-86.11584,112.2883,-0.307718,83.11097
1.611804,1.025823,4,14,-123.6457,-44.18124,-76.58566,110.9521,-7.988157,88.15905
1.326431,1.013928,4,14,-123.6457,-39.35544,-77.38877,110.9521,-14.87146,92.02262
1.212598,1.045407,4,14,-124.4292,-34.5231,-86.89896,111.776,-20.78656,97.34014
1.108711,1.087772,4,14,-124.464,-16.69688,-97.06746,112.6799,-25.85289,98.83954
1.00805,1.15744,4,14,-125.889,-4.181605,-95.80157,113.4917,-27.52583,97.19682
1.001927,1.502692,4,14,-125.889,6.944794,-94.09037,113.4917,-15.63466,104.8827
1.300369,2.020599,4,14,-125.8131,8.899881,-94.46339,114.9015,0.821639,98.42196
1.822645,1.620546,4,14,-124.9613,6.051579,-97.05422,116.9254,8.838693,80.70274
1.733982,1.119811,10,14,-123.7129,6.991368,-99.9641,116.9254,5.564301,83.34641
1.402102,1.103866,10,14,-123.7129,-1.640432,-97.21348,117.6711,5.514501,98.64024
1.186638,1.228862,4,14,-123.9228,-11.60125,-105.2462,117.0386,-2.082361,110.3046
1.152539,1.176482,4,14,-124.1885,-23.18624,-115.7374,117.4169,-13.53249,111.785
1.202672,1.168337,10,14,-123.9176,-18.0747,-125.1137,117.4169,-27.90916,111.7543
0.939964,1.086918,10,14,-123.9176,-12.84235,-98.69803,116.918,-38.23682,108.0738
1.109441,1.000134,10,14,-123.6821,11.35853,-44.71144,116.3746,-27.07663,65.65933
1.419107,1.256317,4,14,-123.2839,33.01905,-37.94969,115.8631,-20.60207,53.40056
1.223045,0.912631,4,14,-124.0781,41.02678,-94.59975,115.8631,-24.30533,78.47168
1.305053,1.019533,4,14,-124.0781,27.65472,-126.5827,116.8617,-35.44247,107.2373
1.276641,1.085203,4,14,-123.613,13.138,-119.4743,118.4112,-18.76538,108.0563
1.089579,1.065087,0,14,-121.8528,3.713908,-100.4109,118.4112,-25.4894,95.8448
1.000456,0.93969,4,14,-122.283,2.302803,-78.40071,119.8061,-24.62985,96.05869
1.007177,0.957966,4,14,-122.283,10.2428,-75.90816,120.8145,-21.2858,101.227
0.974639,1.024814,4,14,-121.7368,11.66312,-99.7019,121.42,-17.03598,98.46657
0.97879,0.99115,4,14,-121.2032,5.500303,-99.47411,121.42,-15.53592,94.13203
1.016003,0.945187,4,14,-120.2137,-0.791223,-92.8911,123.3792,-12.539,89.24994
0.987129,0.952721,4,14,-120.2137,0.5311,-88.76772,124.2429,-16.16032,81.38538
1.035857,0.960346,4,14,-118.8578,2.92996,-86.31493,125.384,-13.37945,80.45404
0.992623,1.027164,4,14,-118.875,0.707742,-90.331,125.384,-7.136706,82.51685
0.991873,1.002023,4,14,-118.1152,-4.444293,-89.64303,125.8135,-6.649063,75.86326
0.995386,1.003227,4,14,-118.1152,-6.541603,-79.09833,126.8967,-4.718916,76.85315
0.907653,0.933741,4,14,-117.1542,-3.328822,-74.41064,126.8967,-13.14842,77.26065
0.913826,0.886553,4,14,-116.6465,4.479373,-72.72127,126.9801,-20.45457,88.12309
0.959927,0.951907,4,14,-115.7305,6.399516,-81.40927,128.1657,-21.86246,92.58424
0.963176,0.99996,4,14,-115.7305,9.065905,-87.61452,129.0385,-23.22356,93.93576
0.990401,0.975626,4,14,-115.1393,11.49657,-91.33616,129.0385,-21.65112,88.44653
0.991426,0.973545,4,14,-114.9759,10.7516,-93.36772,129.5266,-17.22847,83.74822
0.996934,0.950044,4,14,-114.3338,8.238928,-93.57655,130.4929,-13.53105,85.15089
0.970798,0.955564,4,14,-114.3338,5.050383,-95.42216,130.4929,-11.89931,85.49493
0.993046,0.961439,4,14,-113.7804,2.746276,-97.24258,131.6121,-12.74077,85.80339
0.95944,0.954107,0,14,-112.965,3.265711,-93.60001,132.4139,-15.00677,85.12455
0.941143,0.993872,4,14,-112.3833,5.467308,-85.84422,132.174,-15.30627,89.0739
0.811772,0.952257,4,14,-112.3833,11.38959,-85.76231,132.174,-19.00634,86.01395
0.942595,0.964764,4,14,-111.7478,10.88499,-87.98707,132.2163,-16.60609,88.36667
0.953297,0.957119,4,14,-111.2641,10.16853,-92.6418,134.3027,-16.67018,86.56348
0.967245,0.955842,0,14,-110.5707,8.658102,-92.12408,133.5673,-14.2609,87.95472
0.991184,0.956858,0,14,-110.5707,7.38297,-90.29156,133.5673,-12.24528,81.55222
0.954007,0.963252,0,14,-110.1591,6.907844,-91.83071,134.5122,-13.91329,86.25555
1.026332,0.951737,0,14,-109.3622,7.468684,-90.38123,134.8594,-14.44125,86.49392
0.972397,0.96038,0,14,-108.9876,5.132268,-92.65336,135.4108,-13.98573,83.98079
0.959854,0.964412,0,14,-108.9876,5.221457,-92.67014,135.4108,-11.49994,83.86769
0.950382,0.969597,4,14,-108.3166,2.689251,-93.89072,135.3967,-9.235364,85.11504
1.001271,0.992886,4,14,-108.1536,-0.432839,-93.1502,136.2362,-9.180898,86.31045
1.009682,0.989108,4,14,-108.1536,-2.957458,-91.68132,136.2362,-10.13391,85.6525
1.018811,1.024054,4,14,-107.5261,-5.614434,-91.74448,135.8471,-10.22823,87.40154
0.957895,1.032241,4,14,-107.4344,-4.027798,-90.41698,136.7198,-10.51795,88.50525
1.020768,1.011361,0,14,-106.6248,-4.143146,-92.27661,136.9874,-11.80183,88.8596
0.987434,1.013632,0,14,-106.6248,-2.861121,-92.79728,136.9874,-10.28899,88.48592
1.011432,1.031659,0,14,-106.4209,-3.845446,-93.36483,137.7505,-8.435545,88.67447
1.032082,1.069216,0,14,-106.2097,-6.464801,-93.68667,139.2437,-8.745245,86.78036
1.068661,1.119841,0,14,-105.8527,-6.940581,-94.66706,139.2437,-8.413253,86.17333
1.126471,1.133449,4,14,-105.8527,-7.398641,-95.61875,139.879,-6.939515,88.66417
1.140309,1.124319,4,14,-104.789,-6.879042,-95.22154,140.5964,-9.065104,93.30399
1.102294,1.100617,4,14,-104.7673,-5.805968,-95.11884,141.9095,-10.92318,93.80289
1.068259,1.06398,4,14,-104.0131,-3.945537,-95.88061,141.9095,-12.23701,93.92564
1.026124,1.073203,4,14,-104.0131,-1.072973,-94.62445,142.0507,-12.72049,91.71295
1.040848,1.118273,4,10,-102.853,0.224978,-94.25166,143.3285,-11.016,89.55422
1.087882,1.163295,4,10,-102.0656,-1.024907,-96.28803,144.419,-7.057221,87.05914
1.121029,1.222532,10,10,-101.9886,-5.586428,-96.12017,144.419,-1.146478,83.872
1.149701,1.236592,10,10,-101.9886,-9.988134,-97.40719,144.7122,-0.161102,81.80675
1.119313,1.226312,10,10,-101.4256,-13.98674,-97.52574,145.6738,-3.302178,84.30389
1.12737,1.183816,10,10,-101.5145,-19.39728,-101.6226,146.9917,-4.797272,84.69505
1.112296,1.216031,14,10,-101.1033,-24.14254,-92.62133,146.9917,-9.359532,82.33952
1.268011,1.382559,10,10,-101.1033,-20.38886,-82.91583,148.6407,-7.815363,89.00735
1.405699,1.519914,10,10,-100.5608,-14.70344,-87.85569,149.5006,-4.03205,91.70149
1.397682,1.532906,4,10,-100.2349,-13.99456,-96.51863,149.5006,-0.670338,91.76285
1.40844,1.554965,10,10,-99.5555,-19.82326,-101.5257,150.7166,3.436494,90.78587
1.382601,1.612561,10,10,-99.5555,-27.36954,-101.5757,152.171,8.974961,85.93283
1.494177,1.799251,10,10,-99.7468,-33.50971,-99.93874,154.3107,11.606,81.66965
1.578602,1.892648,10,10,-98.73439,-29.731,-83.90251,154.3107,13.58906,82.13858
1.7069,1.772627,10,10,-99.81747,-15.61508,-77.56505,155.0751,11.08878,81.7946
1.533329,1.39464,10,10,-99.81747,-5.011911,-72.42035,156.6197,1.004979,78.38088
1.492408,1.062731,10,10,-100.2953,3.742646,-69.00007,156.6197,-20.20799,60.8089
1.260666,1.220368,4,10,-100.005,13.65534,-67.29367,157.0251,-39.49109,41.79164
1.39223,1.402916,4,10,-100.005,31.9539,-81.29455,157.0336,-54.34782,55.51921
1.724563,1.499895,4,10,-100.6763,34.52664,-105.2284,157.4067,-54.10929,101.7441
1.856964,1.414604,4,10,-100.8194,33.50433,-110.0005,157.4067,-49.06824,109.9341
1.815943,1.339184,4,10,-100.9896,32.44486,-107.4317,157.3628,-51.59129,109.5987
1.531116,1.274758,4,46,-100.9896,31.89479,-95.70658,157.4487,-52.91526,115.1883
1.334182,1.13764,4,1461,-102.4096,27.68536,-86.93077,158.0823,-44.17849,122.2238
1.1376,1.078413,4,1994,-102.5256,16.748,-89.80108,158.0823,-44.19044,124.0411
1.165949,1.09872,4,2340,-103.16,8.793451,-98.22405,159.3275,-51.49395,124.8309
1.20777,1.162167,4,2478,-103.16,9.893796,-103.2091,159.1969,-52.51527,111.1645
1.258745,0.872197,4,2463,-103.7341,13.59087,-103.5021,159.1969,-58.25305,98.98529
1.141765,0.743525,4,2495,-104.7604,20.86976,-104.3207,158.7328,-54.29647,79.31404
1.201481,0.60327,4,2592,-105.3021,23.18974,-108.2838,158.2086,-43.67916,66.84032
1.108173,0.521299,4,2751,-105.3021,24.14477,-108.9924,158.5927,-29.57553,63.82108
1.079256,0.464749,4,2747,-106.4561,27.53801,-109.613,158.5927,-24.51256,72.57399
0.965884,0.443867,10,2784,-106.8931,26.86379,-105.3576,158.1237,-29.04751,71.42834
0.906108,0.510349,4,2692,-108.373,28.72484,-103.5999,156.7036,-41.27423,73.37494
0.902502,0.647625,4,1809,-108.373,30.08699,-102.3176,156.7036,-48.45507,108.5585
0.916928,0.860503,4,740,-109.1474,29.6757,-103.9298,155.4751,-46.74501,131.7123
0.902717,1.146017,4,324,-110.3364,30.91483,-106.538,154.1564,-41.38305,144.2984
0.925578,1.039873,4,145,-111.4824,32.30023,-107.9094,153.3696,-39.42038,150.8131
0.983147,0.810285,4,78,-111.4824,33.30557,-108.0785,153.3696,-48.36578,141.182
0.985893,0.755325,4,36,-111.6414,34.64484,-108.2592,151.9723,-61.58887,120.2165
1.003286,0.659506,4,27,-113.264,38.00454,-110.5017,150.5795,-60.26503,83.0486
0.989182,0.658666,4,17,-113.8128,43.79577,-111.4533,147.855,-50.9623,80.02521
0.914975,0.57048,4,14,-113.8128,48.33868,-107.33,147.855,-49.51498,96.40167
0.857002,0.682254,0,14,-115.5772,50.8235,-98.78199,146.1839,-42.15266,109.5232
0.791451,0.857218,0,14,-116.9487,48.27783,-86.52756,145.4478,-41.32799,115.686
0.704389,0.914386,0,14,-118.1325,48.88739,-74.73562,145.4478,-43.35586,113.9475
0.637609,0.892591,0,14,-118.1325,39.91558,-71.75489,142.8239,-40.90215,109.1935
0.594743,0.872256,4,14,-119.5442,20.98712,-72.31744,139.5761,-31.59237,89.79302
0.626149,0.887555,4,14,-120.3079,12.23887,-73.15469,135.9773,-25.12986,85.71172
0.700445,1.002439,4,10,-121.358,6.214431,-72.31901,135.9773,-23.84333,88.395
0.748889,1.141894,4,10,-121.358,4.330403,-74.29826,132.718,-24.37936,91.56949
0.805318,1.263072,4,10,-122.448,0.381919,-79.06628,130.3329,-23.05557,93.53281
1.004951,1.30549,4,10,-123.63,-2.278574,-87.13429,126.3428,-23.40423,96.76318
0.928257,1.3301,4,10,-124.4858,-4.043381,-87.87444,126.3428,-19.94486,98.0123
0.871812,1.226635,4,10,-124.4858,-11.55987,-91.38731,122.7433,-22.3265,98.13751
0.946561,1.2422,4,10,-125.0202,-18.06935,-98.23501,118.4698,-18.06864,98.8157
1.160809,1.276759,4,10,-125.8581,-20.63723,-106.8496,118.4698,-17.36539,99.04644
1.308952,1.263289,4,10,-125.8581,-19.29929,-113.8008,115.0642,-19.93783,98.01939
1.289728,1.177814,4,10,-125.6305,-21.77706,-117.0205,112.5435,-13.24848,100.4131
1.210558,1.14965,4,10,-126.0635,-27.37801,-114.0866,108.6258,-0.912066,90.34357
1.279576,1.195028,4,10,-126.8233,-35.19793,-106.5648,108.6258,1.719955,86.43973
1.48497,1.173472,4,10,-126.8233,-42.02166,-99.62899,104.0708,5.165545,83.44845
1.68834,1.132328,4,10,-127.0588,-44.84479,-93.52042,106.6978,1.778167,81.75417
1.727112,1.037052,4,10,-126.8256,-45.48706,-83.47397,104.3544,-3.676007,85.43268
1.500678,1.001873,4,10,-127.3914,-41.59866,-80.0779,104.3544,-13.59997,91.65124
1.255729,1.052171,4,10,-127.3914,-34.7507,-85.91125,105.6352,-20.27808,96.55136
1.144784,1.042546,4,10,-127.8218,-28.3826,-89.88895,107.428,-23.44522,99.18178
1.029556,1.053565,4,10,-129.2233,-12.64587,-99.3445,107.428,-30.10817,102.7127
0.966372,1.065697,4,10,-130.0391,-4.13019,-101.0703,109.7667,-32.25202,104.2704
0.950575,1.136444,4,10,-130.0391,8.045444,-98.25351,110.505,-29.29187,105.1558
1.011544,1.814076,4,10,-129.1907,18.86559,-94.70451,112.4526,-3.437231,113.5694
1.547325,2.114617,4,10,-128.5277,9.26741,-90.48291,112.4526,13.57551,76.48337
2.03206,1.572694,4,10,-127.8897,10.71398,-97.42877,114.1743,1.097898,57.83157
1.66757,1.001644,4,10,-127.8897,6.832012,-97.49812,111.7732,-14.36547,87.12806
1.405572,1.172659,4,10,-127.489,-3.685139,-107.0236,109.8645,-8.164207,118.4627
1.252453,1.506278,4,10,-127.323,-25.92351,-125.5828,109.8645,6.356781,126.0924
1.286691,1.591702,4,10,-127.9406,-44.87639,-126.0434,112.5194,5.817854,118.0024
1.279288,1.546757,4,10,-127.9406,-33.88358,-89.65775,109.7503,-26.17451,114.1547
1.311932,1.100807,4,10,-127.3201,-6.710066,-54.94909,109.7503,-32.17264,79.05199
1.23035,1.360899,4,10,-127.7794,24.4712,-57.88643,109.5171,-12.82974,39.04237
1.148275,0.923865,4,14,-128.0811,42.4528,-102.2671,110.5043,-7.534874,47.53456
1.156037,0.790566,4,14,-128.0811,30.44886,-125.5891,112.2133,-13.46602,87.7401
1.092736,1.106409,4,14,-127.5804,20.0686,-112.7322,112.2133,-30.26325,100.7906
1.052985,1.385071,4,10,-126.7271,16.23817,-77.71642,112.4916,-40.03233,83.13537
1.213836,1.097482,4,14,-125.9372,13.91991,-60.17895,112.2923,-36.27548,90.43453
1.080989,1.004397,4,14,-125.9372,15.07176,-75.70876,112.2923,-27.06175,94.22398
0.984277,0.958476,4,10,-125.6937,14.24322,-92.64597,115.612,-21.79529,84.0909
0.934103,0.921856,4,10,-125.4793,9.635081,-90.25048,116.8615,-12.37219,80.1312
0.908356,0.891273,4,10,-123.82,10.49341,-87.87862,119.7189,-10.24626,90.09166
0.962456,0.956212,4,10,-123.82,3.440985,-85.73969,119.7189,-15.56402,88.55425
0.984256,0.958316,0,10,-123.0242,2.426024,-89.12565,120.6964,-15.8851,91.63831
1.031645,1.002235,4,10,-122.0918,-0.084696,-94.04845,120.7951,-20.79465,82.37528
0.928797,1.018622,0,10,-121.8957,6.471022,-90.26888,122.0566,-10.82784,78.118
0.975954,0.993583,4,10,-121.8957,3.081278,-81.75527,122.0566,-12.45165,72.88773
0.986952,0.944146,4,10,-120.8391,4.594381,-82.45724,123.1882,-7.267606,84.39338
0.95718,0.979019,4,4,-119.8699,5.632215,-85.66264,123.4415,-9.395301,90.28586
1.002507,0.931442,4,10,-119.274,5.50287,-86.05313,125.6864,-17.49748,91.16858
0.938184,0.944803,4,10,-119.274,4.385266,-90.12703,125.6864,-15.39583,90.57938
0.933718,0.954263,4,10,-118.6863,6.572393,-91.35658,126.6332,-13.36467,86.34219
0.937742,0.955942,4,10,-118.6153,4.996894,-92.485,127.1198,-11.31974,85.27042
0.943129,0.947455,4,10,-117.7052,3.786373,-94.85617,127.1198,-8.295724,85.54068
0.929255,0.940238,0,10,-117.7052,1.918531,-96.06258,127.527,-7.148096,84.51829
0.940729,0.956162,0,10,-117.493,-0.482988,-95.10798,129.8362,-7.843119,83.20222
0.974757,0.957844,0,10,-116.7035,-0.914354,-88.12059,129.0093,-8.599789,85.09692
0.963165,0.952062,0,10,-116.7035,-1.843701,-86.05406,129.0093,-8.745258,84.85635
0.91606,0.954777,4,10,-116.1008,-0.591382,-86.05547,129.0601,-9.702935,83.59911
0.947949,0.960503,0,10,-115.8949,1.936018,-87.91522,128.9317,-11.12803,82.82761
0.983111,0.88747,4,10,-114.8596,3.546685,-90.53429,130.465,-9.419245,84.19765
0.916922,0.976023,4,10,-114.8596,3.75723,-89.70969,130.465,-12.80786,88.13416
0.975994,0.963173,0,10,-114.3468,3.256891,-92.648,130.6985,-10.76787,86.83287
1.014624,1.011868,0,10,-114.212,0.936992,-95.36848,132.2295,-18.68422,106.4317
1.044062,0.967877,4,10,-113.2076,-0.066951,-91.93525,132.2295,-10.78842,85.21194
1.060149,0.974803,4,10,-113.2076,1.338601,-94.01983,132.1183,-11.88087,85.65047
0.949903,0.98776,4,10,-112.9581,-0.5004,-88.33295,132.1016,-10.9361,84.33279
0.937323,0.950657,4,10,-112.5879,-0.022372,-92.26021,133.0254,-10.12237,81.26463
0.957633,0.952996,4,10,-112.66,-0.131388,-90.59856,133.0254,-10.10471,81.87042
0.958501,0.949662,4,14,-112.66,0.032817,-90.68553,132.6154,-9.75944,84.89212
0.943259,0.953959,4,14,-113.0771,-0.30754,-89.8592,133.4846,-10.80226,85.78523
0.95781,0.97345,0,14,-111.837,-1.237104,-90.69349,133.4846,-12.37138,86.84464
0.977883,0.97551,4,14,-111.8218,0.396727,-91.35474,133.8612,-13.68706,88.42893
0.956988,0.98625,4,14,-111.8218,0.73775,-92.14813,136.0959,-15.39074,88.13983
0.969235,0.992179,4,14,-110.8215,1.947605,-92.86961,136.7784,-17.19351,88.35889
0.953499,1.026578,4,14,-110.706,3.877385,-93.1354,136.7784,-18.24182,87.56884
1.002707,1.054858,4,14,-109.5027,5.778471,-95.38918,136.8483,-17.38181,88.89242
1.062373,1.065416,4,14,-109.5027,6.236696,-96.51707,138.0479,-17.76478,88.01201
1.081892,1.052716,4,10,-109.7459,7.115668,-98.18627,138.0479,-18.74199,90.4698
1.064073,1.071088,4,10,-109.3703,7.782103,-97.37995,139.6234,-19.32959,93.27305
1.064678,1.094843,4,10,-109.3703,9.530963,-94.6152,139.426,-20.20172,95.92925
1.054049,1.110701,4,10,-108.4926,10.84775,-93.82126,141.2692,-21.81714,96.07855
1.090676,1.099119,4,10,-108.1388,11.50757,-96.38028,141.2692,-18.707,91.90725
1.071049,1.101398,4,10,-106.5223,6.543875,-97.02032,142.8174,-14.09464,89.3489
1.088934,1.162637,0,10,-106.0664,0.070611,-94.59465,143.5754,-10.05596,84.20769
1.133311,1.189007,4,10,-106.0664,-4.210256,-92.64483,143.4997,-8.217486,84.22852
1.13808,1.22447,4,10,-105.882,-7.635584,-92.42993,143.4997,-6.062489,83.50765
1.185993,1.239131,4,10,-105.7202,-11.10868,-93.27828,144.1776,-2.787812,83.69848
1.202323,1.259446,4,10,-105.8864,-17.07994,-95.87339,145.9785,1.307168,84.69902
1.17936,1.298753,4,10,-105.8864,-27.32526,-95.04011,145.9785,0.818115,81.57263
1.307633,1.453809,10,10,-105.4882,-28.59838,-92.96943,146.5285,-0.415906,86.38902
1.4659,1.65017,10,10,-104.7276,-27.58779,-94.47277,149.0558,4.265333,89.90018
1.597207,1.738394,4,10,-104.9302,-27.20363,-97.6722,150.0112,6.621233,91.45947
1.581511,1.767117,10,10,-104.9302,-35.09508,-110.8033,150.0112,8.322241,90.12792
1.784971,1.798871,4,10,-104.714,-38.51024,-118.4555,151.114,11.94786,89.35258
1.85677,1.869328,10,10,-104.2454,-44.88427,-107.8393,153.378,16.13848,84.23092
1.741862,1.90022,10,10,-104.2454,-38.6746,-86.47417,155.2026,16.81215,82.91502
1.601952,1.801378,14,10,-103.5943,-20.46512,-80.92435,155.2026,15.38777,86.03453
1.410075,1.493309,14,10,-104.344,-12.37508,-74.23899,156.6528,10.60425,86.1468
1.32248,0.98067,10,10,-104.4409,3.093573,-71.72073,157.5398,-6.49312,67.60777
1.327901,1.27147,4,10,-104.4409,11.67997,-69.38451,157.5398,-34.53655,33.06905
1.571432,1.682569,4,10,-104.2933,30.06014,-81.30405,158.1966,-58.57779,38.37855
1.716673,1.941575,4,10,-104.4618,37.50546,-101.0789,158.6763,-67.84946,98.75669
2.055903,1.947118,4,10,-104.1685,36.25821,-105.7085,159.3802,-59.94797,125.2381
1.986397,1.767979,10,10,-104.1685,43.04209,-100.3921,159.3802,-50.4559,137.5697
1.724698,1.19079,4,10,-104.5492,40.48847,-94.76165,160.3496,-29.90321,129.5619
1.393283,0.83588,4,10,-104.8135,30.95661,-86.66343,160.5352,-19.62807,117.107
1.108683,0.72478,4,10,-104.9294,16.67427,-79.12119,161.2437,-35.89365,94.84521
0.993578,0.877755,0,10,-104.9294,10.41314,-82.44955,161.2437,-50.96401,58.13736
1.1812,0.929879,0,10,-105.5338,10.47052,-92.31154,161.069,-51.67536,41.74528
1.223642,0.784226,0,10,-106.0773,17.61963,-104.6272,161.1466,-49.2611,36.59674
1.251423,0.752477,0,10,-106.5182,26.66612,-108.9449,161.1466,-43.60686,43.09916
1.286016,0.601726,4,10,-106.5182,30.37064,-107.4089,160.8391,-42.34052,54.36549
1.233856,0.536311,4,10,-107.1636,33.6288,-103.6831,159.9302,-49.58559,78.52448
1.104194,0.871689,4,10,-108.7362,35.02853,-97.93003,159.5895,-41.99532,136.3849
1.04071,1.184806,4,10,-109.1301,39.98471,-96.5096,159.5895,-50.36432,147.0667
1.04248,1.24495,10,14,-109.1301,37.13059,-95.38213,158.6548,-51.83373,150.0725
1.029963,0.974175,10,14,-110.3039,35.14666,-95.78245,157.8531,-57.15425,131.9208
0.963716,0.783624,4,14,-111.5826,32.00004,-97.8634,157.8531,-61.72939,84.45432
0.985259,0.668639,4,14,-111.5826,33.01736,-99.5416,157.3881,-55.60632,63.76602
0.915594,0.577837,4,14,-112.5926,35.99292,-106.0815,155.1171,-43.39505,51.8914
0.925816,0.563902,4,14,-114.0029,38.09546,-107.9799,153.6522,-44.54858,67.39753
0.862038,0.618705,4,10,-114.8187,37.7412,-106.8215,153.6522,-44.20676,95.90506
0.768725,0.72228,4,10,-114.8187,35.51093,-97.84969,151.7326,-44.1333,102.0835
0.704869,0.872496,4,10,-115.8099,27.13386,-91.69402,149.8443,-41.89378,100.6408
0.684252,0.871787,0,10,-117.1464,20.74907,-80.73972,147.1108,-40.82954,103.4104
0.680884,0.833392,0,10,-117.3979,18.76128,-76.73558,147.1108,-37.58993,101.9306
0.675092,0.798876,4,10,-117.3979,21.26038,-78.01349,145.4502,-36.41843,98.99665
0.667356,0.855428,4,10,-118.5274,22.30935,-78.69562,141.6747,-37.05886,91.51565
0.674053,0.892729,4,10,-119.3717,23.95768,-84.96071,139.634,-38.34786,92.45681
0.703502,0.9689,4,10,-121.0071,18.35643,-85.82973,139.634,-33.39731,92.20409
0.697259,0.989653,4,10,-121.0071,14.23631,-83.17838,137.3514,-30.39264,93.23615
0.803291,1.063673,4,10,-121.1998,5.993418,-85.4805,135.0029,-27.51617,93.10995
0.850969,1.1305,4,10,-122.1943,3.674293,-85.06342,135.0029,-27.17117,94.30968
0.822799,1.202595,4,10,-122.7519,6.17543,-86.69978,132.426,-25.14509,96.28914
0.943022,1.251245,4,10,-122.7519,2.725096,-92.9808,128.5044,-23.13734,99.21313
0.878469,1.226677,4,10,-124.0313,0.700244,-96.41137,123.8533,-23.0731,102.5752
0.898665,1.202737,4,10,-123.5946,-0.28002,-100.2047,123.8533,-16.25488,105.4136
0.938213,1.182402,4,10,-124.549,-5.289865,-106.8566,120.3269,-13.28724,102.8266
1.058181,1.183113,4,10,-124.549,-11.99091,-111.9651,117.1456,-9.733266,100.4341
1.13748,1.129264,4,10,-124.5308,-21.78353,-116.5325,117.1456,-5.191183,95.49043
1.16423,1.098032,4,10,-125.0514,-29.40945,-118.9545,113.2585,1.203265,90.75138
1.215555,1.120863,4,10,-125.2245,-34.4203,-113.897,109.9358,2.017874,89.07329
1.351584,1.143039,4,10,-125.2245,-40.8208,-103.3865,104.7594,9.23126,88.85993
1.566097,1.155161,4,10,-125.3526,-44.20054,-94.91203,104.7594,11.83538,88.48508
1.698505,1.089817,4,10,-125.7706,-46.27157,-90.85736,102.743,9.722099,87.53617
1.723961,1.037122,4,10,-126.2181,-47.80795,-85.07668,101.5107,1.634645,89.82806
1.669188,1.044528,4,10,-126.2181,-45.22523,-87.53175,101.5107,-5.411915,93.67613
1.400067,1.042168,4,10,-127.308,-39.64505,-83.86423,101.1696,-14.73682,98.38708
1.203003,1.049684,4,10,-128.9287,-23.88748,-88.39518,100.7397,-19.86378,102.4424
1.035951,1.06403,4,10,-130.0231,-15.03328,-92.93916,100.8106,-22.80898,102.7441
0.96471,1.077155,4,10,-130.0231,-3.948458,-93.37563,100.8106,-24.7471,99.97921
0.951796,1.104966,4,10,-129.939,1.689388,-94.17696,101.6198,-26.0537,97.71982
1.047016,1.413513,4,10,-129.2426,9.480002,-93.62024,102.8139,-15.61154,106.2765
1.250582,2.033424,4,10,-129.0287,4.907959,-94.13538,102.8783,10.42521,92.02769
1.896547,2.027778,4,10,-129.0287,-5.805677,-92.96693,102.8783,8.567067,62.55952
2.029326,1.384469,4,10,-128.6324,-4.290734,-99.02165,103.9711,5.306433,59.85196
1.718478,1.232498,4,10,-128.5441,-7.358164,-99.47007,104.3424,2.814184,91.34021
1.519888,1.154334,4,10,-128.2219,-22.68677,-118.4402,104.7454,-12.55956,108.9558
1.143108,1.127278,4,10,-128.2219,-29.05569,-130.5983,104.7454,-2.065331,132.0064
0.627552,1.419483,4,10,-127.5271,-34.61467,-64.89684,106.627,-10.99456,145.2546
0.944356,1.294338,4,10,-126.6644,7.127953,-33.61351,108.8854,-39.94331,104.6086
1.253856,1.445783,4,10,-126.347,37.86243,-57.49685,108.5186,-39.81112,62.3892
1.458852,1.118703,4,10,-126.347,44.14946,-89.85309,108.5186,-26.25241,61.95169
1.473009,0.987935,4,10,-126.0417,33.57685,-112.8332,109.8057,-10.57045,73.22113
1.300141,1.066383,4,10,-125.407,20.7032,-123.0524,110.091,-19.5817,83.85535
1.114563,1.100724,4,10,-124.9742,11.49758,-96.20414,110.091,-24.76898,88.37022
1.107107,1.030016,4,10,-124.9742,6.863752,-77.51327,112.1014,-26.14687,92.59776
1.046077,1.010504,4,10,-124.3483,4.984515,-79.57607,113.4215,-27.14121,102.2109
1.00194,0.985603,4,10,-123.4296,4.137199,-85.77833,113.8835,-23.14951,91.81677
0.966548,1.366015,4,10,-122.8325,7.959088,-79.93682,113.8835,-25.96371,87.4123
0.983615,0.877289,4,10,-122.8325,15.75394,-70.61117,116.1666,-24.53051,80.51968
1.016386,0.977361,4,10,-122.457,20.91106,-87.6913,115.4692,-23.93401,76.33383
0.983807,0.961023,4,10,-121.4849,13.23708,-92.54456,117.7995,-19.11869,85.56911
0.992631,0.974676,4,10,-120.8859,3.978391,-86.72991,117.7995,-7.932117,87.019
0.974831,1.045903,4,10,-120.8859,-0.595167,-86.04926,116.7594,-7.065432,73.46395
0.966524,1.004661,4,10,-120.4352,-3.959157,-79.02986,118.549,-10.44908,74.28104
0.970062,0.976093,4,10,-120.4083,-2.937656,-77.3131,118.549,-11.0794,74.94073
0.957284,0.967251,4,10,-120.4083,4.228042,-80.45943,119.6384,-13.60168,74.01579
0.973121,0.954497,4,10,-118.8409,5.582964,-84.20538,120.5607,-16.28959,84.86221
0.902917,0.943325,4,10,-117.952,4.692825,-91.80241,120.963,-16.48412,92.8024
0.995843,0.959301,4,10,-118.2272,4.049977,-91.85453,120.963,-15.67529,92.74449
0.98305,0.983455,4,10,-118.2272,4.416506,-91.7761,120.9022,-15.95607,89.32727
0.999002,0.983839,4,10,-118.2325,3.36052,-93.34876,121.5626,-14.13976,87.42006
0.977608,0.956521,0,10,-117.1556,2.882743,-93.5712,122.8289,-10.68744,84.06223
0.891557,0.938205,0,10,-115.8437,2.172286,-91.91869,122.8289,-10.78103,82.0029
0.956018,0.953015,0,10,-115.8437,2.11355,-91.91732,123.2916,-10.1902,82.7257
0.934889,1.009299,0,10,-115.3091,1.271179,-89.65224,124.0299,-10.22103,82.97318
0.9501,0.967079,0,10,-114.4393,4.662255,-88.06195,124.0299,-10.84527,82.80561
0.955448,0.946166,0,10,-114.308,5.212543,-87.00497,124.5697,-11.28002,83.89399
0.967631,0.977148,0,10,-114.308,6.188471,-89.24429,124.9406,-10.04853,83.50938
0.923609,0.944946,0,10,-114.0248,9.492298,-89.40147,125.2189,-8.063802,83.9032
0.949663,0.967461,0,10,-113.6984,1.291894,-89.01707,125.2189,-7.765543,83.91428
0.955559,0.971902,0,10,-112.957,1.712006,-92.03861,125.2177,-6.309491,84.48489
0.921267,0.954137,0,10,-112.5856,-3.123791,-91.7822,126.2796,-8.774272,87.78672
0.979074,0.950516,0,10,-112.5856,-2.996379,-90.43253,126.5779,-8.183373,82.68423
0.96164,0.962104,0,10,-111.766,-5.226332,-89.86496,126.5779,-4.480059,80.94383
1.04621,0.969466,0,10,-112.1437,-7.386623,-88.28175,127.367,-3.607504,80.15879
0.973381,0.946203,0,10,-112.1437,-8.095028,-88.16817,127.6194,-3.644501,83.09902
0.965057,0.937462,0,10,-111.3578,-9.367277,-89.17043,127.6194,-4.646694,84.98133
0.939137,0.94559,0,10,-111.4049,-9.09641,-87.81348,127.562,-7.085081,84.80827
0.904721,0.964567,0,10,-110.4572,-8.315543,-87.11752,129.0599,-6.901196,85.20211
0.956183,0.961344,4,10,-110.4572,-7.470448,-88.39616,128.8797,-7.202863,85.39978
0.975542,0.988103,4,10,-109.9401,-8.910136,-91.5124,128.8797,-7.81294,84.92
0.963137,0.973986,4,10,-109.6223,-8.420087,-92.50629,130.9978,-9.877453,86.44275
0.932118,0.95922,4,10,-109.2689,-6.478055,-93.42097,131.7337,-11.45522,86.10085
0.945207,0.971876,4,10,-109.2689,-4.159811,-93.47227,131.7337,-11.82899,85.31753
0.943653,1.005049,4,10,-109.0159,-0.959313,-94.72457,131.7678,-13.72793,89.52389
