epoc (ms),timestamp (-0400),elapsed (s),x-axis (deg/s),y-axis (deg/s),z-axis (deg/s)
1570470584719,2019-10-07T13.49.44.719,0.000,0.854,0.046,0.046
1570470584739,2019-10-07T13.49.44.739,0.020,0.762,0.366,-1.037
1570470584759,2019-10-07T13.49.44.759,0.040,0.488,0.000,-0.640
1570470584779,2019-10-07T13.49.44.779,0.060,0.610,-0.747,-0.473
1570470584799,2019-10-07T13.49.44.799,0.080,0.564,-0.381,-0.534
1570470584819,2019-10-07T13.49.44.819,0.100,0.366,0.396,-0.503
1570470584839,2019-10-07T13.49.44.839,0.120,0.274,0.381,-0.457
1570470584859,2019-10-07T13.49.44.859,0.140,0.335,-0.122,-0.442
1570470584879,2019-10-07T13.49.44.879,0.160,0.396,0.534,-0.412
1570470584899,2019-10-07T13.49.44.899,0.180,0.290,0.412,-0.442
1570470584919,2019-10-07T13.49.44.919,0.200,0.229,0.122,-0.442
1570470584939,2019-10-07T13.49.44.939,0.220,0.198,0.610,-0.412
1570470584959,2019-10-07T13.49.44.959,0.240,0.213,0.412,-0.381
1570470584979,2019-10-07T13.49.44.979,0.260,0.076,-0.274,-0.442
1570470584999,2019-10-07T13.49.44.999,0.280,-0.076,0.091,-0.351
1570470585019,2019-10-07T13.49.45.019,0.300,-0.168,0.762,-0.320
1570470585039,2019-10-07T13.49.45.039,0.320,-0.137,0.655,-0.335
1570470585059,2019-10-07T13.49.45.059,0.340,-0.046,0.015,-0.290
1570470585079,2019-10-07T13.49.45.079,0.360,0.107,-0.137,-0.320
1570470585099,2019-10-07T13.49.45.099,0.380,0.412,-0.030,-0.366
1570470585119,2019-10-07T13.49.45.119,0.400,0.457,-0.030,-0.351
1570470585139,2019-10-07T13.49.45.139,0.420,0.412,-0.290,-0.381
1570470585159,2019-10-07T13.49.45.159,0.440,0.381,-0.198,-0.351
1570470585179,2019-10-07T13.49.45.179,0.460,-0.061,0.427,-0.213
1570470585199,2019-10-07T13.49.45.199,0.480,-0.061,0.381,-0.213
1570470585219,2019-10-07T13.49.45.219,0.500,0.137,-0.198,-0.320
1570470585239,2019-10-07T13.49.45.239,0.520,0.274,-0.152,-0.259
1570470585259,2019-10-07T13.49.45.259,0.540,0.320,0.274,-0.198
1570470585279,2019-10-07T13.49.45.279,0.560,0.412,0.473,-0.183
1570470585299,2019-10-07T13.49.45.299,0.580,0.473,0.244,-0.152
1570470585319,2019-10-07T13.49.45.319,0.600,0.442,0.244,-0.046
1570470585339,2019-10-07T13.49.45.339,0.620,0.366,0.305,-0.076
1570470585359,2019-10-07T13.49.45.359,0.640,0.244,-0.152,-0.244
1570470585379,2019-10-07T13.49.45.379,0.660,0.213,-0.655,-0.290
1570470585399,2019-10-07T13.49.45.399,0.680,0.442,-0.808,-0.213
1570470585419,2019-10-07T13.49.45.419,0.700,0.457,-0.610,-0.107
1570470585439,2019-10-07T13.49.45.439,0.720,0.473,0.198,-0.076
1570470585459,2019-10-07T13.49.45.459,0.740,0.518,0.320,-0.152
1570470585479,2019-10-07T13.49.45.479,0.760,0.473,-0.442,-0.198
1570470585499,2019-10-07T13.49.45.499,0.780,0.579,-0.777,-0.183
1570470585519,2019-10-07T13.49.45.519,0.800,0.655,-0.762,-0.229
1570470585539,2019-10-07T13.49.45.539,0.820,0.579,-0.960,-0.244
1570470585559,2019-10-07T13.49.45.559,0.840,0.518,-0.976,-0.229
1570470585579,2019-10-07T13.49.45.579,0.860,0.412,-0.686,-0.198
1570470585599,2019-10-07T13.49.45.599,0.880,0.427,-0.137,-0.137
1570470585619,2019-10-07T13.49.45.619,0.900,0.518,0.107,-0.030
1570470585639,2019-10-07T13.49.45.639,0.920,0.427,-0.290,-0.015
1570470585659,2019-10-07T13.49.45.659,0.940,0.335,-1.052,-0.137
1570470585679,2019-10-07T13.49.45.679,0.960,0.213,-1.113,-0.046
1570470585699,2019-10-07T13.49.45.699,0.980,0.244,-0.701,0.046
1570470585719,2019-10-07T13.49.45.719,1.000,0.473,-0.503,0.122
1570470585739,2019-10-07T13.49.45.739,1.020,0.640,-0.671,0.320
1570470585759,2019-10-07T13.49.45.759,1.040,0.640,-0.442,0.457
1570470585779,2019-10-07T13.49.45.779,1.060,0.610,-0.884,0.488
1570470585799,2019-10-07T13.49.45.799,1.080,1.082,-2.332,0.412
1570470585819,2019-10-07T13.49.45.819,1.100,1.753,-3.171,0.396
1570470585839,2019-10-07T13.49.45.839,1.120,2.378,-2.530,0.366
1570470585859,2019-10-07T13.49.45.859,1.140,2.988,-3.369,0.305
1570470585879,2019-10-07T13.49.45.879,1.160,3.049,-4.284,0.320
1570470585899,2019-10-07T13.49.45.899,1.180,2.927,-3.491,0.595
1570470585919,2019-10-07T13.49.45.919,1.200,2.942,-2.424,0.671
1570470585939,2019-10-07T13.49.45.939,1.220,2.180,-2.546,0.412
1570470585959,2019-10-07T13.49.45.959,1.240,2.043,-3.034,0.290
1570470585979,2019-10-07T13.49.45.979,1.260,2.119,-5.030,0.091
1570470585999,2019-10-07T13.49.45.999,1.280,2.043,-3.872,0.137
1570470586019,2019-10-07T13.49.46.019,1.300,2.241,-1.296,0.716
1570470586039,2019-10-07T13.49.46.039,1.320,2.119,-0.442,1.021
1570470586059,2019-10-07T13.49.46.059,1.340,1.387,0.884,0.930
1570470586079,2019-10-07T13.49.46.079,1.360,0.930,1.082,0.884
1570470586099,2019-10-07T13.49.46.099,1.380,0.777,0.183,0.762
1570470586119,2019-10-07T13.49.46.119,1.400,0.488,-1.601,0.518
1570470586139,2019-10-07T13.49.46.139,1.420,0.412,-3.247,0.229
1570470586159,2019-10-07T13.49.46.159,1.440,0.534,-3.125,0.152
1570470586179,2019-10-07T13.49.46.179,1.460,0.625,-2.393,0.213
1570470586199,2019-10-07T13.49.46.199,1.480,0.015,-2.622,0.274
1570470586219,2019-10-07T13.49.46.219,1.500,-0.488,-2.317,0.473
1570470586239,2019-10-07T13.49.46.239,1.520,0.213,0.137,0.610
1570470586259,2019-10-07T13.49.46.259,1.540,1.738,-0.869,0.686
1570470586279,2019-10-07T13.49.46.279,1.560,2.515,-4.070,0.564
1570470586299,2019-10-07T13.49.46.299,1.580,2.698,-4.421,0.503
1570470586319,2019-10-07T13.49.46.319,1.600,2.851,-2.744,0.686
1570470586339,2019-10-07T13.49.46.339,1.620,2.470,-1.768,0.915
1570470586359,2019-10-07T13.49.46.359,1.640,1.707,-1.189,1.357
1570470586379,2019-10-07T13.49.46.379,1.660,0.945,-1.631,1.402
1570470586399,2019-10-07T13.49.46.399,1.680,0.716,-4.787,1.082
1570470586419,2019-10-07T13.49.46.419,1.700,0.518,-6.890,0.976
1570470586439,2019-10-07T13.49.46.439,1.720,0.473,-6.479,1.265
1570470586459,2019-10-07T13.49.46.459,1.740,0.015,-3.445,1.966
1570470586479,2019-10-07T13.49.46.479,1.760,-1.204,-0.122,2.454
1570470586499,2019-10-07T13.49.46.499,1.780,-2.744,-0.091,2.713
1570470586519,2019-10-07T13.49.46.519,1.800,-4.954,-0.671,3.110
1570470586539,2019-10-07T13.49.46.539,1.820,-7.683,-1.768,3.079
1570470586559,2019-10-07T13.49.46.559,1.840,-8.796,-1.814,3.049
1570470586579,2019-10-07T13.49.46.579,1.860,-9.588,-2.500,3.140
1570470586599,2019-10-07T13.49.46.599,1.880,-10.351,-6.418,2.912
1570470586619,2019-10-07T13.49.46.619,1.900,-11.037,-9.832,3.445
1570470586639,2019-10-07T13.49.46.639,1.920,-12.637,-8.735,4.512
1570470586659,2019-10-07T13.49.46.659,1.940,-17.348,-7.927,5.198
1570470586679,2019-10-07T13.49.46.679,1.960,-27.149,-6.631,6.982
1570470586699,2019-10-07T13.49.46.699,1.980,-42.637,-8.979,6.784
1570470586719,2019-10-07T13.49.46.719,2.000,-63.171,-24.085,3.750
1570470586739,2019-10-07T13.49.46.739,2.020,-79.817,-36.067,0.838
1570470586759,2019-10-07T13.49.46.759,2.040,-94.710,-41.570,-6.524
1570470586779,2019-10-07T13.49.46.779,2.060,-119.253,-42.973,-16.463
1570470586799,2019-10-07T13.49.46.799,2.080,-129.573,-42.149,-17.637
1570470586819,2019-10-07T13.49.46.819,2.100,-128.902,-58.369,-20.473
1570470586839,2019-10-07T13.49.46.839,2.120,-129.756,-69.085,-24.634
1570470586859,2019-10-07T13.49.46.859,2.140,-124.543,-53.049,-19.375
1570470586879,2019-10-07T13.49.46.879,2.160,-114.451,-23.979,-10.183
1570470586899,2019-10-07T13.49.46.899,2.180,-101.723,11.448,0.396
1570470586919,2019-10-07T13.49.46.919,2.200,-80.869,51.509,10.945
1570470586939,2019-10-07T13.49.46.939,2.220,-55.061,73.811,16.357
1570470586959,2019-10-07T13.49.46.959,2.240,-27.515,82.317,16.479
1570470586979,2019-10-07T13.49.46.979,2.260,3.735,79.848,12.896
1570470586999,2019-10-07T13.49.46.999,2.280,35.168,70.305,10.640
1570470587019,2019-10-07T13.49.47.019,2.300,61.707,60.183,8.582
1570470587039,2019-10-07T13.49.47.039,2.320,86.082,54.253,6.326
1570470587059,2019-10-07T13.49.47.059,2.340,103.399,50.457,5.305
1570470587079,2019-10-07T13.49.47.079,2.360,109.817,43.430,3.643
1570470587099,2019-10-07T13.49.47.099,2.380,111.555,31.860,3.110
1570470587119,2019-10-07T13.49.47.119,2.400,111.311,24.741,5.183
1570470587139,2019-10-07T13.49.47.139,2.420,105.655,20.945,8.689
1570470587159,2019-10-07T13.49.47.159,2.440,94.360,17.012,14.375
1570470587179,2019-10-07T13.49.47.179,2.460,75.549,18.323,22.287
1570470587199,2019-10-07T13.49.47.199,2.480,48.780,25.335,29.893
1570470587219,2019-10-07T13.49.47.219,2.500,-3.902,24.040,26.113
1570470587239,2019-10-07T13.49.47.239,2.520,-85.183,21.357,1.860
1570470587259,2019-10-07T13.49.47.259,2.540,-72.165,14.832,1.951
1570470587279,2019-10-07T13.49.47.279,2.560,-54.131,-11.966,10.823
1570470587299,2019-10-07T13.49.47.299,2.580,-46.860,-20.549,6.829
1570470587319,2019-10-07T13.49.47.319,2.600,-34.558,12.119,1.372
1570470587339,2019-10-07T13.49.47.339,2.620,-50.488,17.485,-9.482
1570470587359,2019-10-07T13.49.47.359,2.640,-37.820,-24.101,-15.732
1570470587379,2019-10-07T13.49.47.379,2.660,11.921,-35.183,-3.643
1570470587399,2019-10-07T13.49.47.399,2.680,23.171,10.335,4.787
1570470587419,2019-10-07T13.49.47.419,2.700,15.381,37.424,0.015
1570470587439,2019-10-07T13.49.47.439,2.720,22.393,29.009,-1.753
1570470587459,2019-10-07T13.49.47.459,2.740,37.195,14.405,-4.070
1570470587479,2019-10-07T13.49.47.479,2.760,42.058,0.107,-8.689
1570470587499,2019-10-07T13.49.47.499,2.780,44.604,-8.277,-6.585
1570470587519,2019-10-07T13.49.47.519,2.800,50.716,4.345,-0.899
1570470587539,2019-10-07T13.49.47.539,2.820,53.537,20.762,1.875
1570470587559,2019-10-07T13.49.47.559,2.840,53.689,22.302,1.479
1570470587579,2019-10-07T13.49.47.579,2.860,54.680,3.415,-1.357
1570470587599,2019-10-07T13.49.47.599,2.880,58.186,-9.040,0.899
1570470587619,2019-10-07T13.49.47.619,2.900,58.247,5.198,4.421
1570470587639,2019-10-07T13.49.47.639,2.920,52.668,17.241,5.793
1570470587659,2019-10-07T13.49.47.659,2.940,50.762,21.113,4.924
1570470587679,2019-10-07T13.49.47.679,2.960,48.872,11.845,1.616
1570470587699,2019-10-07T13.49.47.699,2.980,35.945,-10.534,-1.905
1570470587719,2019-10-07T13.49.47.719,3.000,19.085,-33.506,-4.954
1570470587739,2019-10-07T13.49.47.739,3.020,6.402,-39.802,-5.625
1570470587759,2019-10-07T13.49.47.759,3.040,-7.576,-31.662,-5.244
1570470587779,2019-10-07T13.49.47.779,3.060,-20.305,-31.235,-3.460
1570470587799,2019-10-07T13.49.47.799,3.080,-28.567,-28.704,0.823
1570470587819,2019-10-07T13.49.47.819,3.100,-39.223,-19.055,1.280
1570470587839,2019-10-07T13.49.47.839,3.120,-48.887,-25.808,-1.448
1570470587859,2019-10-07T13.49.47.859,3.140,-55.320,-49.558,0.595
1570470587879,2019-10-07T13.49.47.879,3.160,-61.189,-49.436,5.732
1570470587899,2019-10-07T13.49.47.899,3.180,-78.994,-49.390,2.652
1570470587919,2019-10-07T13.49.47.919,3.200,-103.598,-79.848,-5.899
1570470587939,2019-10-07T13.49.47.939,3.220,-133.826,-104.680,-5.107
1570470587959,2019-10-07T13.49.47.959,3.240,-172.835,-95.945,8.384
1570470587979,2019-10-07T13.49.47.979,3.260,-231.890,0.716,12.058
1570470587999,2019-10-07T13.49.47.999,3.280,-270.869,72.942,-1.753
1570470588019,2019-10-07T13.49.48.019,3.300,-256.707,13.918,-14.268
1570470588039,2019-10-07T13.49.48.039,3.320,-209.573,-45.488,-18.293
1570470588059,2019-10-07T13.49.48.059,3.340,-143.232,-33.384,-15.244
1570470588079,2019-10-07T13.49.48.079,3.360,-79.223,26.966,-1.601
1570470588099,2019-10-07T13.49.48.099,3.380,-11.448,75.777,11.204
1570470588119,2019-10-07T13.49.48.119,3.400,62.683,72.500,7.470
1570470588139,2019-10-07T13.49.48.139,3.420,117.287,39.649,0.274
1570470588159,2019-10-07T13.49.48.159,3.440,150.168,14.101,3.659
1570470588179,2019-10-07T13.49.48.179,3.460,169.024,20.198,5.183
1570470588199,2019-10-07T13.49.48.199,3.480,181.021,38.811,4.101
1570470588219,2019-10-07T13.49.48.219,3.500,191.159,46.296,11.463
1570470588239,2019-10-07T13.49.48.239,3.520,191.037,27.149,23.216
1570470588259,2019-10-07T13.49.48.259,3.540,169.741,3.552,23.430
1570470588279,2019-10-07T13.49.48.279,3.560,125.838,2.287,18.110
1570470588299,2019-10-07T13.49.48.299,3.580,68.994,1.509,16.509
1570470588319,2019-10-07T13.49.48.319,3.600,21.037,-1.463,16.616
1570470588339,2019-10-07T13.49.48.339,3.620,-9.604,16.250,20.244
1570470588359,2019-10-07T13.49.48.359,3.640,-83.415,55.899,15.823
1570470588379,2019-10-07T13.49.48.379,3.660,-61.768,26.616,12.500
1570470588399,2019-10-07T13.49.48.399,3.680,-16.296,-41.265,-5.976
1570470588419,2019-10-07T13.49.48.419,3.700,43.460,-51.250,-4.619
1570470588439,2019-10-07T13.49.48.439,3.720,47.180,16.677,4.726
1570470588459,2019-10-07T13.49.48.459,3.740,29.055,37.546,-1.372
1570470588479,2019-10-07T13.49.48.479,3.760,19.817,23.034,-14.238
1570470588499,2019-10-07T13.49.48.499,3.780,35.488,-1.829,-19.832
1570470588519,2019-10-07T13.49.48.519,3.800,52.439,-22.683,-16.646
1570470588539,2019-10-07T13.49.48.539,3.820,54.451,-30.046,-11.479
1570470588559,2019-10-07T13.49.48.559,3.840,51.951,-11.662,-5.701
1570470588579,2019-10-07T13.49.48.579,3.860,52.561,15.503,-2.591
1570470588599,2019-10-07T13.49.48.599,3.880,56.280,13.354,-1.677
1570470588619,2019-10-07T13.49.48.619,3.900,58.018,-3.948,-1.402
1570470588639,2019-10-07T13.49.48.639,3.920,55.579,-10.777,-2.195
1570470588659,2019-10-07T13.49.48.659,3.940,53.506,-4.482,-3.110
1570470588679,2019-10-07T13.49.48.679,3.960,50.610,2.149,-2.652
1570470588699,2019-10-07T13.49.48.699,3.980,48.979,4.482,-2.271
1570470588719,2019-10-07T13.49.48.719,4.000,44.268,-5.701,-3.506
1570470588739,2019-10-07T13.49.48.739,4.020,35.061,-15.274,-5.152
1570470588759,2019-10-07T13.49.48.759,4.040,20.320,-17.652,-6.402
1570470588779,2019-10-07T13.49.48.779,4.060,3.399,-14.162,-5.610
1570470588799,2019-10-07T13.49.48.799,4.080,-12.165,-9.771,-0.991
1570470588819,2019-10-07T13.49.48.819,4.100,-26.021,3.034,4.604
1570470588839,2019-10-07T13.49.48.839,4.120,-34.543,22.652,9.040
1570470588859,2019-10-07T13.49.48.859,4.140,-41.220,25.366,10.976
1570470588879,2019-10-07T13.49.48.879,4.160,-52.058,-2.942,9.345
1570470588899,2019-10-07T13.49.48.899,4.180,-66.402,-34.146,8.064
1570470588919,2019-10-07T13.49.48.919,4.200,-81.905,-39.680,3.399
1570470588939,2019-10-07T13.49.48.939,4.220,-83.308,-67.485,-0.213
1570470588959,2019-10-07T13.49.48.959,4.240,-85.595,-123.765,-6.189
1570470588979,2019-10-07T13.49.48.979,4.260,-110.305,-145.762,-12.256
1570470588999,2019-10-07T13.49.48.999,4.280,-167.012,-95.427,-9.573
1570470589019,2019-10-07T13.49.49.019,4.300,-232.348,-24.177,-1.326
1570470589039,2019-10-07T13.49.49.039,4.320,-246.997,22.912,-0.030
1570470589059,2019-10-07T13.49.49.059,4.340,-229.253,-20.457,-4.390
1570470589079,2019-10-07T13.49.49.079,4.360,-200.732,-59.223,-3.552
1570470589099,2019-10-07T13.49.49.099,4.380,-158.125,-28.811,6.555
1570470589119,2019-10-07T13.49.49.119,4.400,-109.024,35.808,21.341
1570470589139,2019-10-07T13.49.49.139,4.420,-52.790,88.521,33.384
1570470589159,2019-10-07T13.49.49.159,4.440,14.101,101.357,32.317
1570470589179,2019-10-07T13.49.49.179,4.460,73.918,81.280,21.448
1570470589199,2019-10-07T13.49.49.199,4.480,110.640,47.927,14.085
1570470589219,2019-10-07T13.49.49.219,4.500,134.878,23.750,13.643
1570470589239,2019-10-07T13.49.49.239,4.520,153.186,28.445,12.012
1570470589259,2019-10-07T13.49.49.259,4.540,164.146,58.598,12.180
1570470589279,2019-10-07T13.49.49.279,4.560,171.555,80.366,16.006
1570470589299,2019-10-07T13.49.49.299,4.580,173.277,65.061,20.107
1570470589319,2019-10-07T13.49.49.319,4.600,157.287,34.817,19.848
1570470589339,2019-10-07T13.49.49.339,4.620,120.488,15.473,14.924
1570470589359,2019-10-07T13.49.49.359,4.640,86.326,0.152,11.067
1570470589379,2019-10-07T13.49.49.379,4.660,53.445,2.927,9.405
1570470589399,2019-10-07T13.49.49.399,4.680,9.177,28.323,8.643
1570470589419,2019-10-07T13.49.49.419,4.700,-87.317,52.210,-4.207
1570470589439,2019-10-07T13.49.49.439,4.720,-69.954,-4.634,-3.628
1570470589459,2019-10-07T13.49.49.459,4.740,19.146,-73.384,2.591
1570470589479,2019-10-07T13.49.49.479,4.760,35.107,-36.738,-6.768
1570470589499,2019-10-07T13.49.49.499,4.780,29.451,34.832,9.375
1570470589519,2019-10-07T13.49.49.519,4.800,37.866,59.131,22.439
1570470589539,2019-10-07T13.49.49.539,4.820,32.927,60.564,10.976
1570470589559,2019-10-07T13.49.49.559,4.840,33.125,38.034,-7.119
1570470589579,2019-10-07T13.49.49.579,4.860,47.668,-22.561,-15.046
1570470589599,2019-10-07T13.49.49.599,4.880,51.189,-56.402,-16.113
1570470589619,2019-10-07T13.49.49.619,4.900,44.924,-37.043,-14.802
1570470589639,2019-10-07T13.49.49.639,4.920,43.262,-20.366,-11.159
1570470589659,2019-10-07T13.49.49.659,4.940,45.000,-25.168,-7.088
1570470589679,2019-10-07T13.49.49.679,4.960,46.463,-16.875,-3.140
1570470589699,2019-10-07T13.49.49.699,4.980,42.363,-4.070,-2.027
1570470589719,2019-10-07T13.49.49.719,5.000,36.402,-7.896,-1.143
1570470589739,2019-10-07T13.49.49.739,5.020,34.527,-7.927,-0.595
1570470589759,2019-10-07T13.49.49.759,5.040,31.890,-6.509,-1.021
1570470589779,2019-10-07T13.49.49.779,5.060,27.393,-12.515,-1.966
1570470589799,2019-10-07T13.49.49.799,5.080,21.662,-11.799,-3.293
1570470589819,2019-10-07T13.49.49.819,5.100,12.393,-5.762,-3.963
1570470589839,2019-10-07T13.49.49.839,5.120,3.689,-11.860,-4.588
1570470589859,2019-10-07T13.49.49.859,5.140,-4.985,-24.345,-5.137
1570470589879,2019-10-07T13.49.49.879,5.160,-16.601,-19.146,-5.015
1570470589899,2019-10-07T13.49.49.899,5.180,-30.152,-8.720,-3.338
1570470589919,2019-10-07T13.49.49.919,5.200,-36.646,-2.729,0.107
1570470589939,2019-10-07T13.49.49.939,5.220,-35.945,8.994,3.582
1570470589959,2019-10-07T13.49.49.959,5.240,-32.881,13.887,4.512
1570470589979,2019-10-07T13.49.49.979,5.260,-28.613,0.259,3.613
1570470589999,2019-10-07T13.49.49.999,5.280,-29.009,-23.049,0.000
1570470590019,2019-10-07T13.49.50.019,5.300,-37.790,-46.890,1.341
1570470590039,2019-10-07T13.49.50.039,5.320,-51.509,-48.887,5.396
1570470590059,2019-10-07T13.49.50.059,5.340,-63.445,-56.235,2.241
1570470590079,2019-10-07T13.49.50.079,5.360,-70.701,-104.909,-1.433
1570470590099,2019-10-07T13.49.50.099,5.380,-90.396,-146.021,-3.095
1570470590119,2019-10-07T13.49.50.119,5.400,-128.979,-102.988,-0.137
1570470590139,2019-10-07T13.49.50.139,5.420,-180.610,1.448,17.393
1570470590159,2019-10-07T13.49.50.159,5.440,-212.530,90.473,19.558
1570470590179,2019-10-07T13.49.50.179,5.460,-213.018,54.101,3.247
1570470590199,2019-10-07T13.49.50.199,5.480,-191.601,-47.332,-8.354
1570470590219,2019-10-07T13.49.50.219,5.500,-160.412,-81.082,-7.546
1570470590239,2019-10-07T13.49.50.239,5.520,-116.707,-34.360,7.149
1570470590259,2019-10-07T13.49.50.259,5.540,-76.997,30.732,25.351
1570470590279,2019-10-07T13.49.50.279,5.560,-30.518,75.030,34.207
1570470590299,2019-10-07T13.49.50.299,5.580,29.482,82.287,29.390
1570470590319,2019-10-07T13.49.50.319,5.600,80.046,66.738,18.598
1570470590339,2019-10-07T13.49.50.339,5.620,114.741,38.323,13.262
1570470590359,2019-10-07T13.49.50.359,5.640,141.784,20.488,10.381
1570470590379,2019-10-07T13.49.50.379,5.660,159.741,27.195,6.448
1570470590399,2019-10-07T13.49.50.399,5.680,167.256,44.146,5.518
1570470590419,2019-10-07T13.49.50.419,5.700,172.424,59.710,9.741
1570470590439,2019-10-07T13.49.50.439,5.720,174.482,53.765,15.290
1570470590459,2019-10-07T13.49.50.459,5.740,154.558,42.409,15.976
1570470590479,2019-10-07T13.49.50.479,5.760,114.497,38.247,16.555
1570470590499,2019-10-07T13.49.50.499,5.780,80.046,30.930,19.649
1570470590519,2019-10-07T13.49.50.519,5.800,52.104,23.704,20.259
1570470590539,2019-10-07T13.49.50.539,5.820,-81.479,14.909,-0.335
1570470590559,2019-10-07T13.49.50.559,5.840,-136.951,-4.604,-11.631
1570470590579,2019-10-07T13.49.50.579,5.860,18.079,-38.689,40.381
1570470590599,2019-10-07T13.49.50.599,5.880,37.622,14.345,23.521
1570470590619,2019-10-07T13.49.50.619,5.900,5.534,83.034,10.960
1570470590639,2019-10-07T13.49.50.639,5.920,1.296,66.433,21.357
1570470590659,2019-10-07T13.49.50.659,5.940,29.893,21.890,9.131
1570470590679,2019-10-07T13.49.50.679,5.960,34.588,2.866,-14.390
1570470590699,2019-10-07T13.49.50.699,5.980,39.268,-35.290,-24.543
1570470590719,2019-10-07T13.49.50.719,6.000,48.476,-65.427,-26.433
1570470590739,2019-10-07T13.49.50.739,6.020,46.936,-57.439,-24.009
1570470590759,2019-10-07T13.49.50.759,6.040,46.860,-42.393,-20.838
1570470590779,2019-10-07T13.49.50.779,6.060,48.796,-41.784,-17.210
1570470590799,2019-10-07T13.49.50.799,6.080,47.591,-31.692,-10.473
1570470590819,2019-10-07T13.49.50.819,6.100,48.476,-14.253,-4.070
1570470590839,2019-10-07T13.49.50.839,6.120,47.927,-14.802,-1.433
1570470590859,2019-10-07T13.49.50.859,6.140,43.720,-18.232,-0.305
1570470590879,2019-10-07T13.49.50.879,6.160,40.838,-5.945,2.759
1570470590899,2019-10-07T13.49.50.899,6.180,39.756,12.241,4.970
1570470590919,2019-10-07T13.49.50.919,6.200,37.058,16.418,4.177
1570470590939,2019-10-07T13.49.50.939,6.220,32.622,4.588,2.409
1570470590959,2019-10-07T13.49.50.959,6.240,27.896,-6.631,1.585
1570470590979,2019-10-07T13.49.50.979,6.260,18.140,-8.613,3.186
1570470590999,2019-10-07T13.49.50.999,6.280,7.774,-17.698,4.375
1570470591019,2019-10-07T13.49.51.019,6.300,-4.970,-20.503,8.079
1570470591039,2019-10-07T13.49.51.039,6.320,-22.165,0.503,12.744
1570470591059,2019-10-07T13.49.51.059,6.340,-36.829,14.604,14.329
1570470591079,2019-10-07T13.49.51.079,6.360,-50.244,-2.271,12.256
1570470591099,2019-10-07T13.49.51.099,6.380,-69.223,-35.869,9.832
1570470591119,2019-10-07T13.49.51.119,6.400,-88.521,-48.354,7.500
1570470591139,2019-10-07T13.49.51.139,6.420,-88.598,-71.860,7.058
1570470591159,2019-10-07T13.49.51.159,6.440,-97.027,-90.640,7.607
1570470591179,2019-10-07T13.49.51.179,6.460,-129.390,-82.652,2.774
1570470591199,2019-10-07T13.49.51.199,6.480,-194.101,-48.277,4.466
1570470591219,2019-10-07T13.49.51.219,6.500,-231.814,43.079,15.671
1570470591239,2019-10-07T13.49.51.239,6.520,-246.402,80.701,1.326
1570470591259,2019-10-07T13.49.51.259,6.540,-238.689,-0.549,-15.671
1570470591279,2019-10-07T13.49.51.279,6.560,-204.253,-80.442,-20.015
1570470591299,2019-10-07T13.49.51.299,6.580,-157.149,-69.680,-13.369
1570470591319,2019-10-07T13.49.51.319,6.600,-102.226,1.982,1.753
1570470591339,2019-10-07T13.49.51.339,6.620,-39.924,73.034,20.427
1570470591359,2019-10-07T13.49.51.359,6.640,28.155,102.607,28.674
1570470591379,2019-10-07T13.49.51.379,6.660,87.043,84.741,23.034
1570470591399,2019-10-07T13.49.51.399,6.680,124.909,53.659,16.768
1570470591419,2019-10-07T13.49.51.419,6.700,153.537,48.902,15.884
1570470591439,2019-10-07T13.49.51.439,6.720,171.418,61.601,14.162
1570470591459,2019-10-07T13.49.51.459,6.740,174.238,76.037,13.689
1570470591479,2019-10-07T13.49.51.479,6.760,173.674,71.357,16.006
1570470591499,2019-10-07T13.49.51.499,6.780,173.201,27.393,20.229
1570470591519,2019-10-07T13.49.51.519,6.800,162.774,-13.354,14.192
1570470591539,2019-10-07T13.49.51.539,6.820,126.814,-15.076,8.049
1570470591559,2019-10-07T13.49.51.559,6.840,76.479,-2.210,10.366
1570470591579,2019-10-07T13.49.51.579,6.860,26.067,11.738,17.226
1570470591599,2019-10-07T13.49.51.599,6.880,-27.424,40.686,18.750
1570470591619,2019-10-07T13.49.51.619,6.900,-111.814,81.966,2.149
1570470591639,2019-10-07T13.49.51.639,6.920,-103.933,24.116,-12.210
1570470591659,2019-10-07T13.49.51.659,6.940,1.235,-92.515,-10.183
1570470591679,2019-10-07T13.49.51.679,6.960,44.558,-90.030,-17.012
1570470591699,2019-10-07T13.49.51.699,6.980,28.201,8.034,-10.488
1570470591719,2019-10-07T13.49.51.719,7.000,23.902,51.936,8.491
1570470591739,2019-10-07T13.49.51.739,7.020,24.421,50.442,7.393
1570470591759,2019-10-07T13.49.51.759,7.040,31.128,32.759,-7.927
1570470591779,2019-10-07T13.49.51.779,7.060,43.963,-12.698,-16.387
1570470591799,2019-10-07T13.49.51.799,7.080,50.320,-37.668,-14.466
1570470591819,2019-10-07T13.49.51.819,7.100,47.393,-28.232,-13.369
1570470591839,2019-10-07T13.49.51.839,7.120,46.174,-22.104,-12.104
1570470591859,2019-10-07T13.49.51.859,7.140,50.701,-29.512,-9.649
1570470591879,2019-10-07T13.49.51.879,7.160,53.613,-30.137,-7.195
1570470591899,2019-10-07T13.49.51.899,7.180,52.104,-22.195,-4.451
1570470591919,2019-10-07T13.49.51.919,7.200,51.707,-18.064,-2.927
1570470591939,2019-10-07T13.49.51.939,7.220,51.113,-20.122,-1.829
1570470591959,2019-10-07T13.49.51.959,7.240,45.899,-24.085,-0.396
1570470591979,2019-10-07T13.49.51.979,7.260,41.616,-16.159,-0.442
1570470591999,2019-10-07T13.49.51.999,7.280,39.284,-7.485,-0.899
1570470592019,2019-10-07T13.49.52.019,7.300,31.052,-6.235,-2.332
1570470592039,2019-10-07T13.49.52.039,7.320,25.259,-17.363,-4.070
1570470592059,2019-10-07T13.49.52.059,7.340,16.235,-26.585,-2.256
1570470592079,2019-10-07T13.49.52.079,7.360,-3.567,-16.311,0.351
1570470592099,2019-10-07T13.49.52.099,7.380,-20.396,3.049,2.363
1570470592119,2019-10-07T13.49.52.119,7.400,-24.893,8.232,5.930
1570470592139,2019-10-07T13.49.52.139,7.420,-30.259,-0.076,8.643
1570470592159,2019-10-07T13.49.52.159,7.440,-39.192,-23.308,8.704
1570470592179,2019-10-07T13.49.52.179,7.460,-49.985,-44.680,8.354
1570470592199,2019-10-07T13.49.52.199,7.480,-73.750,-51.890,10.244
1570470592219,2019-10-07T13.49.52.219,7.500,-95.716,-50.777,8.872
1570470592239,2019-10-07T13.49.52.239,7.520,-97.713,-72.759,6.753
1570470592259,2019-10-07T13.49.52.259,7.540,-110.335,-97.729,5.396
1570470592279,2019-10-07T13.49.52.279,7.560,-146.905,-87.043,2.820
1570470592299,2019-10-07T13.49.52.299,7.580,-176.966,-28.521,19.055
1570470592319,2019-10-07T13.49.52.319,7.600,-199.909,69.253,26.037
1570470592339,2019-10-07T13.49.52.339,7.620,-227.485,108.430,5.869
1570470592359,2019-10-07T13.49.52.359,7.640,-215.899,30.427,-10.290
1570470592379,2019-10-07T13.49.52.379,7.660,-176.189,-74.512,-15.686
1570470592399,2019-10-07T13.49.52.399,7.680,-127.576,-77.622,-12.241
1570470592419,2019-10-07T13.49.52.419,7.700,-83.674,-5.473,0.061
1570470592439,2019-10-07T13.49.52.439,7.720,-34.665,59.512,16.463
1570470592459,2019-10-07T13.49.52.459,7.740,29.619,84.497,24.177
1570470592479,2019-10-07T13.49.52.479,7.760,85.671,69.375,18.857
1570470592499,2019-10-07T13.49.52.499,7.780,118.582,38.506,11.936
1570470592519,2019-10-07T13.49.52.519,7.800,135.198,34.223,9.634
1570470592539,2019-10-07T13.49.52.539,7.820,148.049,49.314,7.530
1570470592559,2019-10-07T13.49.52.559,7.840,156.905,61.951,7.942
1570470592579,2019-10-07T13.49.52.579,7.860,164.436,54.588,13.430
1570470592599,2019-10-07T13.49.52.599,7.880,167.912,28.994,17.317
1570470592619,2019-10-07T13.49.52.619,7.900,155.716,12.180,13.979
1570470592639,2019-10-07T13.49.52.639,7.920,122.378,15.152,9.817
1570470592659,2019-10-07T13.49.52.659,7.940,79.619,17.363,9.588
1570470592679,2019-10-07T13.49.52.679,7.960,37.287,22.744,10.671
1570470592699,2019-10-07T13.49.52.699,7.980,1.448,36.540,7.378
1570470592719,2019-10-07T13.49.52.719,8.000,-103.338,32.652,-10.168
1570470592739,2019-10-07T13.49.52.739,8.020,-79.604,-45.976,1.159
1570470592759,2019-10-07T13.49.52.759,8.040,29.848,-74.421,19.451
1570470592779,2019-10-07T13.49.52.779,8.060,37.149,23.567,6.707
1570470592799,2019-10-07T13.49.52.799,8.080,23.765,76.585,15.473
1570470592819,2019-10-07T13.49.52.819,8.100,23.064,34.649,16.814
1570470592839,2019-10-07T13.49.52.839,8.120,26.601,21.159,0.320
1570470592859,2019-10-07T13.49.52.859,8.140,33.933,13.582,-12.957
1570470592879,2019-10-07T13.49.52.879,8.160,45.701,-32.652,-14.497
1570470592899,2019-10-07T13.49.52.899,8.180,49.375,-46.113,-13.049
1570470592919,2019-10-07T13.49.52.919,8.200,45.152,-17.424,-10.930
1570470592939,2019-10-07T13.49.52.939,8.220,43.262,0.305,-7.942
1570470592959,2019-10-07T13.49.52.959,8.240,46.494,-6.494,-3.979
1570470592979,2019-10-07T13.49.52.979,8.260,47.896,-9.924,-0.152
1570470592999,2019-10-07T13.49.52.999,8.280,47.363,-8.994,0.427
1570470593019,2019-10-07T13.49.53.019,8.300,45.610,-15.777,-1.037
1570470593039,2019-10-07T13.49.53.039,8.320,42.104,-14.787,-0.305
1570470593059,2019-10-07T13.49.53.059,8.340,37.988,-11.326,0.244
1570470593079,2019-10-07T13.49.53.079,8.360,33.841,-8.872,-0.107
1570470593099,2019-10-07T13.49.53.099,8.380,29.177,-6.784,-1.448
1570470593119,2019-10-07T13.49.53.119,8.400,23.963,-4.543,-3.506
1570470593139,2019-10-07T13.49.53.139,8.420,15.259,-22.073,-4.710
1570470593159,2019-10-07T13.49.53.159,8.440,1.402,-37.927,-2.470
1570470593179,2019-10-07T13.49.53.179,8.460,-14.970,-23.704,1.585
1570470593199,2019-10-07T13.49.53.199,8.480,-26.463,9.802,6.966
1570470593219,2019-10-07T13.49.53.219,8.500,-31.875,25.290,11.143
1570470593239,2019-10-07T13.49.53.239,8.520,-37.119,14.924,11.677
1570470593259,2019-10-07T13.49.53.259,8.540,-43.933,-14.924,9.177
1570470593279,2019-10-07T13.49.53.279,8.560,-54.024,-47.546,10.808
1570470593299,2019-10-07T13.49.53.299,8.580,-63.720,-46.433,10.854
1570470593319,2019-10-07T13.49.53.319,8.600,-68.049,-38.216,4.131
1570470593339,2019-10-07T13.49.53.339,8.620,-67.058,-65.168,-0.198
1570470593359,2019-10-07T13.49.53.359,8.640,-85.152,-91.174,-2.591
1570470593379,2019-10-07T13.49.53.379,8.660,-112.348,-64.939,-5.457
1570470593399,2019-10-07T13.49.53.399,8.680,-156.220,-37.576,-7.637
1570470593419,2019-10-07T13.49.53.419,8.700,-204.299,-7.058,-3.704
1570470593439,2019-10-07T13.49.53.439,8.720,-227.332,15.244,-5.076
1570470593459,2019-10-07T13.49.53.459,8.740,-225.030,-25.640,-9.924
1570470593479,2019-10-07T13.49.53.479,8.760,-208.659,-56.540,-8.140
1570470593499,2019-10-07T13.49.53.499,8.780,-172.027,-38.780,3.247
1570470593519,2019-10-07T13.49.53.519,8.800,-116.875,13.994,20.854
1570470593539,2019-10-07T13.49.53.539,8.820,-57.317,70.655,36.936
1570470593559,2019-10-07T13.49.53.559,8.840,4.009,101.280,38.018
1570470593579,2019-10-07T13.49.53.579,8.860,65.777,100.290,24.878
1570470593599,2019-10-07T13.49.53.599,8.880,108.643,65.960,15.000
1570470593619,2019-10-07T13.49.53.619,8.900,137.180,14.909,15.030
1570470593639,2019-10-07T13.49.53.639,8.920,155.290,-12.774,13.262
1570470593659,2019-10-07T13.49.53.659,8.940,168.521,4.878,10.091
1570470593679,2019-10-07T13.49.53.679,8.960,178.460,42.957,13.720
1570470593699,2019-10-07T13.49.53.699,8.980,174.665,48.323,24.741
1570470593719,2019-10-07T13.49.53.719,9.000,153.887,30.549,28.460
1570470593739,2019-10-07T13.49.53.739,9.020,119.802,17.927,23.689
1570470593759,2019-10-07T13.49.53.759,9.040,84.268,2.515,18.079
1570470593779,2019-10-07T13.49.53.779,9.060,53.841,-3.460,15.671
1570470593799,2019-10-07T13.49.53.799,9.080,30.503,19.055,13.582
1570470593819,2019-10-07T13.49.53.819,9.100,-78.399,46.814,1.082
1570470593839,2019-10-07T13.49.53.839,9.120,-126.037,-8.415,-6.753
1570470593859,2019-10-07T13.49.53.859,9.140,23.735,-63.887,7.820
1570470593879,2019-10-07T13.49.53.879,9.160,56.341,8.277,-4.009
1570470593899,2019-10-07T13.49.53.899,9.180,37.226,56.997,2.104
1570470593919,2019-10-07T13.49.53.919,9.200,25.777,25.396,9.756
1570470593939,2019-10-07T13.49.53.939,9.220,22.881,44.588,-1.814
1570470593959,2019-10-07T13.49.53.959,9.240,36.707,41.692,-15.595
1570470593979,2019-10-07T13.49.53.979,9.260,48.933,-34.466,-17.973
1570470593999,2019-10-07T13.49.53.999,9.280,47.881,-54.070,-15.290
1570470594019,2019-10-07T13.49.54.019,9.300,42.698,-16.601,-12.226
1570470594039,2019-10-07T13.49.54.039,9.320,43.918,-2.515,-9.756
1570470594059,2019-10-07T13.49.54.059,9.340,44.939,-1.021,-5.595
1570470594079,2019-10-07T13.49.54.079,9.360,39.634,7.317,0.579
1570470594099,2019-10-07T13.49.54.099,9.380,35.747,14.284,4.085
1570470594119,2019-10-07T13.49.54.119,9.400,34.177,16.799,4.268
1570470594139,2019-10-07T13.49.54.139,9.420,31.006,18.216,4.116
1570470594159,2019-10-07T13.49.54.159,9.440,26.784,17.973,2.073
1570470594179,2019-10-07T13.49.54.179,9.460,20.152,10.427,-0.061
1570470594199,2019-10-07T13.49.54.199,9.480,12.088,6.784,-1.159
1570470594219,2019-10-07T13.49.54.219,9.500,5.290,4.909,-2.073
1570470594239,2019-10-07T13.49.54.239,9.520,-3.659,-5.122,-2.104
1570470594259,2019-10-07T13.49.54.259,9.540,-13.034,-11.555,-2.485
1570470594279,2019-10-07T13.49.54.279,9.560,-20.854,-15.015,-3.567
1570470594299,2019-10-07T13.49.54.299,9.580,-28.095,-13.643,-2.851
1570470594319,2019-10-07T13.49.54.319,9.600,-33.445,-13.201,-0.610
1570470594339,2019-10-07T13.49.54.339,9.620,-38.780,-6.662,2.332
1570470594359,2019-10-07T13.49.54.359,9.640,-41.418,6.692,4.314
1570470594379,2019-10-07T13.49.54.379,9.660,-43.765,2.348,3.963
1570470594399,2019-10-07T13.49.54.399,9.680,-43.537,-16.098,2.561
1570470594419,2019-10-07T13.49.54.419,9.700,-38.674,-35.366,1.372
1570470594439,2019-10-07T13.49.54.439,9.720,-40.655,-39.573,1.098
1570470594459,2019-10-07T13.49.54.459,9.740,-41.433,-37.149,-2.835
1570470594479,2019-10-07T13.49.54.479,9.760,-35.229,-51.845,-4.680
1570470594499,2019-10-07T13.49.54.499,9.780,-30.732,-68.445,-1.646
1570470594519,2019-10-07T13.49.54.519,9.800,-31.921,-74.436,0.335
1570470594539,2019-10-07T13.49.54.539,9.820,-32.470,-76.372,1.509
1570470594559,2019-10-07T13.49.54.559,9.840,-50.046,-64.512,4.924
1570470594579,2019-10-07T13.49.54.579,9.860,-90.030,-23.125,9.848
1570470594599,2019-10-07T13.49.54.599,9.880,-136.662,31.799,12.210
1570470594619,2019-10-07T13.49.54.619,9.900,-168.918,41.509,0.076
1570470594639,2019-10-07T13.49.54.639,9.920,-170.884,-10.366,-12.591
1570470594659,2019-10-07T13.49.54.659,9.940,-152.988,-61.082,-12.988
1570470594679,2019-10-07T13.49.54.679,9.960,-123.110,-63.491,-7.454
1570470594699,2019-10-07T13.49.54.699,9.980,-92.363,-29.573,-0.168
1570470594719,2019-10-07T13.49.54.719,10.000,-55.610,14.314,7.165
1570470594739,2019-10-07T13.49.54.739,10.020,-10.671,35.351,10.808
1570470594759,2019-10-07T13.49.54.759,10.040,31.296,28.338,8.979
1570470594779,2019-10-07T13.49.54.779,10.060,72.409,-1.098,5.534
1570470594799,2019-10-07T13.49.54.799,10.080,113.780,-23.262,2.729
1570470594819,2019-10-07T13.49.54.819,10.100,144.985,-10.473,2.485
1570470594839,2019-10-07T13.49.54.839,10.120,167.149,20.198,5.595
1570470594859,2019-10-07T13.49.54.859,10.140,180.457,44.345,7.149
1570470594879,2019-10-07T13.49.54.879,10.160,181.524,46.311,8.034
1570470594899,2019-10-07T13.49.54.899,10.180,172.119,36.037,14.177
1570470594919,2019-10-07T13.49.54.919,10.200,152.439,28.201,18.430
1570470594939,2019-10-07T13.49.54.939,10.220,125.564,21.677,15.488
1570470594959,2019-10-07T13.49.54.959,10.240,100.732,11.814,12.591
1570470594979,2019-10-07T13.49.54.979,10.260,85.976,14.619,11.082
1570470594999,2019-10-07T13.49.54.999,10.280,64.710,45.412,10.457
1570470595019,2019-10-07T13.49.55.019,10.300,9.710,76.524,8.277
1570470595039,2019-10-07T13.49.55.039,10.320,-9.314,49.101,3.994
1570470595059,2019-10-07T13.49.55.059,10.340,-1.509,-33.125,-3.963
1570470595079,2019-10-07T13.49.55.079,10.360,12.149,-55.152,-13.704
1570470595099,2019-10-07T13.49.55.099,10.380,31.601,-0.335,-12.530
1570470595119,2019-10-07T13.49.55.119,10.400,18.567,-8.872,-7.561
1570470595139,2019-10-07T13.49.55.139,10.420,3.887,-18.704,-6.570
1570470595159,2019-10-07T13.49.55.159,10.440,5.793,4.177,-7.302
1570470595179,2019-10-07T13.49.55.179,10.460,14.695,-1.936,-7.119
1570470595199,2019-10-07T13.49.55.199,10.480,17.195,-10.777,-6.814
1570470595219,2019-10-07T13.49.55.219,10.500,14.482,11.021,-5.183
1570470595239,2019-10-07T13.49.55.239,10.520,12.302,34.543,-3.232
1570470595259,2019-10-07T13.49.55.259,10.540,9.634,36.098,-3.399
1570470595279,2019-10-07T13.49.55.279,10.560,4.878,23.887,-3.720
1570470595299,2019-10-07T13.49.55.299,10.580,1.052,12.607,-4.329
1570470595319,2019-10-07T13.49.55.319,10.600,0.625,8.704,-4.680
1570470595339,2019-10-07T13.49.55.339,10.620,0.793,8.902,-4.451
1570470595359,2019-10-07T13.49.55.359,10.640,0.229,6.905,-4.268
1570470595379,2019-10-07T13.49.55.379,10.660,-0.030,5.838,-3.994
1570470595399,2019-10-07T13.49.55.399,10.680,-0.412,10.091,-3.232
1570470595419,2019-10-07T13.49.55.419,10.700,-1.235,13.491,-2.470
1570470595439,2019-10-07T13.49.55.439,10.720,-1.662,15.183,-1.905
1570470595459,2019-10-07T13.49.55.459,10.740,-0.976,13.887,-2.027
1570470595479,2019-10-07T13.49.55.479,10.760,-0.412,6.540,-2.790
1570470595499,2019-10-07T13.49.55.499,10.780,-0.686,0.427,-2.973
1570470595519,2019-10-07T13.49.55.519,10.800,-1.128,1.006,-2.348
1570470595539,2019-10-07T13.49.55.539,10.820,-1.524,1.753,-2.073
1570470595559,2019-10-07T13.49.55.559,10.840,-1.723,-1.662,-2.317
1570470595579,2019-10-07T13.49.55.579,10.860,-1.814,-5.930,-2.652
1570470595599,2019-10-07T13.49.55.599,10.880,-1.845,-6.524,-2.409
1570470595619,2019-10-07T13.49.55.619,10.900,-1.616,-2.683,-1.463
1570470595639,2019-10-07T13.49.55.639,10.920,-1.463,0.320,-1.143
1570470595659,2019-10-07T13.49.55.659,10.940,-1.159,0.091,-1.082
1570470595679,2019-10-07T13.49.55.679,10.960,-0.671,0.960,-0.884
1570470595699,2019-10-07T13.49.55.699,10.980,-0.198,2.271,-0.488
1570470595719,2019-10-07T13.49.55.719,11.000,-0.198,3.354,-0.259
1570470595739,2019-10-07T13.49.55.739,11.020,-0.366,2.713,-0.320
1570470595759,2019-10-07T13.49.55.759,11.040,-0.549,1.006,-0.518
1570470595779,2019-10-07T13.49.55.779,11.060,-0.960,0.076,-0.396
1570470595799,2019-10-07T13.49.55.799,11.080,-0.716,1.220,-0.213
1570470595819,2019-10-07T13.49.55.819,11.100,-0.244,0.473,-0.198
1570470595839,2019-10-07T13.49.55.839,11.120,-0.152,-0.823,-0.076
1570470595859,2019-10-07T13.49.55.859,11.140,-0.061,-0.366,-0.030
1570470595879,2019-10-07T13.49.55.879,11.160,-0.030,-0.503,0.015
1570470595899,2019-10-07T13.49.55.899,11.180,-0.183,-1.296,-0.091
1570470595919,2019-10-07T13.49.55.919,11.200,-0.457,-2.027,-0.107
1570470595939,2019-10-07T13.49.55.939,11.220,-0.534,-2.561,-0.061
1570470595959,2019-10-07T13.49.55.959,11.240,-0.701,-3.811,-0.152
1570470595979,2019-10-07T13.49.55.979,11.260,-0.915,-4.543,-0.122
1570470595999,2019-10-07T13.49.55.999,11.280,-1.082,-4.192,-0.046
1570470596019,2019-10-07T13.49.56.019,11.300,-0.976,-3.430,-0.015
1570470596039,2019-10-07T13.49.56.039,11.320,-0.960,-4.085,-0.137
1570470596059,2019-10-07T13.49.56.059,11.340,-0.976,-4.375,-0.122
1570470596079,2019-10-07T13.49.56.079,11.360,-0.762,-3.186,0.030
1570470596099,2019-10-07T13.49.56.099,11.380,-0.610,-2.637,0.030
1570470596119,2019-10-07T13.49.56.119,11.400,-0.488,-3.110,-0.015
1570470596139,2019-10-07T13.49.56.139,11.420,-0.564,-2.393,0.137
1570470596159,2019-10-07T13.49.56.159,11.440,-0.686,-1.524,0.122
1570470596179,2019-10-07T13.49.56.179,11.460,-0.534,-1.402,0.000
1570470596199,2019-10-07T13.49.56.199,11.480,-0.427,-1.570,0.061
1570470596219,2019-10-07T13.49.56.219,11.500,-0.442,-1.113,0.198
1570470596239,2019-10-07T13.49.56.239,11.520,-0.503,-0.595,0.213
1570470596259,2019-10-07T13.49.56.259,11.540,-0.701,-0.473,0.213
1570470596279,2019-10-07T13.49.56.279,11.560,-0.899,-0.320,0.198
1570470596299,2019-10-07T13.49.56.299,11.580,-0.823,-0.595,0.091
1570470596319,2019-10-07T13.49.56.319,11.600,-0.686,-0.381,0.183
1570470596339,2019-10-07T13.49.56.339,11.620,-0.473,0.198,0.213
1570470596359,2019-10-07T13.49.56.359,11.640,-0.259,-0.091,0.168
1570470596379,2019-10-07T13.49.56.379,11.660,-0.152,-0.015,0.259
1570470596399,2019-10-07T13.49.56.399,11.680,-0.290,0.351,0.259
1570470596419,2019-10-07T13.49.56.419,11.700,-0.564,0.457,0.213
1570470596439,2019-10-07T13.49.56.439,11.720,-0.671,1.037,0.320
1570470596459,2019-10-07T13.49.56.459,11.740,-0.412,1.677,0.381
1570470596479,2019-10-07T13.49.56.479,11.760,-0.152,0.625,0.366
1570470596499,2019-10-07T13.49.56.499,11.780,0.030,-0.945,0.198
1570470596519,2019-10-07T13.49.56.519,11.800,0.000,-1.372,0.122
1570470596539,2019-10-07T13.49.56.539,11.820,-0.152,-0.320,0.198
1570470596559,2019-10-07T13.49.56.559,11.840,-0.503,0.488,0.335
1570470596579,2019-10-07T13.49.56.579,11.860,-0.549,0.747,0.305
1570470596599,2019-10-07T13.49.56.599,11.880,-0.351,0.198,0.213
1570470596619,2019-10-07T13.49.56.619,11.900,-0.335,-1.143,0.061
1570470596639,2019-10-07T13.49.56.639,11.920,-0.320,-1.204,0.030
1570470596659,2019-10-07T13.49.56.659,11.940,-0.335,-0.976,0.015
1570470596679,2019-10-07T13.49.56.679,11.960,-0.381,-0.915,-0.015
1570470596699,2019-10-07T13.49.56.699,11.980,-0.625,-0.747,0.015
1570470596719,2019-10-07T13.49.56.719,12.000,-0.686,-0.595,0.061
1570470596739,2019-10-07T13.49.56.739,12.020,-0.640,0.137,0.091
1570470596759,2019-10-07T13.49.56.759,12.040,-0.564,-0.030,0.091
1570470596779,2019-10-07T13.49.56.779,12.060,-0.534,-0.534,0.061
1570470596799,2019-10-07T13.49.56.799,12.080,-0.473,-1.021,0.000
1570470596819,2019-10-07T13.49.56.819,12.100,-0.564,-1.402,-0.030
1570470596839,2019-10-07T13.49.56.839,12.120,-0.732,-0.137,0.030
1570470596859,2019-10-07T13.49.56.859,12.140,-0.655,0.564,0.076
1570470596879,2019-10-07T13.49.56.879,12.160,-0.610,-0.061,0.046
1570470596899,2019-10-07T13.49.56.899,12.180,-0.320,-0.473,0.000
1570470596919,2019-10-07T13.49.56.919,12.200,0.000,-0.884,-0.091
1570470596939,2019-10-07T13.49.56.939,12.220,0.107,-1.098,-0.061
1570470596959,2019-10-07T13.49.56.959,12.240,-0.076,-0.488,-0.046
1570470596979,2019-10-07T13.49.56.979,12.260,-0.274,0.107,-0.030
1570470596999,2019-10-07T13.49.56.999,12.280,-0.412,-0.137,-0.030
1570470597019,2019-10-07T13.49.57.019,12.300,-0.610,-0.991,-0.152