0.644655,1.27186,31,1920,100.5097,-3.922861,138.9572,-77.06107,-37.65335,-41.28159
0.845813,1.811898,3716,1856,100.5097,11.57848,115.2577,-75.96127,-12.39341,-27.74336
1.271109,2.034484,1134,1600,105.568,16.17544,113.1317,-75.96127,5.102036,-19.73422
1.601479,1.26953,1732,1280,113.0693,15.20125,106.5623,-76.58455,25.90702,-28.47343
1.017391,1.708432,1188,1280,134.508,-23.73414,90.62672,-78.58794,87.48044,76.66355
0.895694,1.371808,831,1184,141.3488,-18.45826,97.92764,-80.54188,77.76672,177.3297
0.714561,1.10872,575,1216,143.6723,-15.09707,86.69512,-79.99992,81.73578,146.9973
0.578387,1.203761,475,1216,147.1604,-25.16572,97.31051,-79.99992,74.18717,132.0981
0.465655,1.249513,767,1280,147.1604,-25.5633,97.90418,-79.67001,69.11507,128.9747
0.474119,0.958337,1279,1376,151.5274,-3.090222,103.3952,-78.98617,68.67719,148.3688
0.800607,0.364794,1919,1536,149.6979,9.565511,106.8892,-77.97615,75.13192,31.59772
0.99409,1.371563,2289,1728,146.7101,35.77053,97.60982,-77.97615,-21.52835,-34.26445
1.085517,1.285205,2417,1856,146.7101,37.82487,77.07107,-77.79591,-34.39917,-48.84353
1.204035,1.351701,2254,1920,144.8857,-23.00832,31.93084,-79.89407,11.94681,-77.84415
3.461684,2.846324,2047,2080,151.5526,-35.26439,45,-81.34486,44.60138,-99.53604
3.332326,3.461684,2254,2336,163.5424,-36.85288,48.55021,-81.34486,35.26439,-135
1.450357,1.69538,2286,2752,100.4439,-12.11734,93.21565,-90.49706,1.525697,-91.00436
1.539378,1.501321,2350,2752,77.35369,-8.968432,96.03559,-91.53233,8.691042,-71.81454
1.480593,1.679336,2410,2769,77.35369,-3.157679,87.337,-91.53233,2.91286,-81.39453
1.432501,1.451467,2481,2752,62.57914,-9.883858,93.3304,-93.90684,9.04075,-77.14538
1.433114,1.316286,2271,2368,33.83464,-45.72358,13.51856,-104.864,72.07462,-15.4299
1.254903,1.029535,1162,2400,41.27146,-50.11625,29.15712,-104.864,74.88844,-64.48907
1.165542,0.804231,17,2432,46.93125,-59.19791,44.7557,-106.2181,53.44059,-85.23029
1.102624,0.712101,3633,2432,46.93125,-63.41727,47.1693,-107.9193,50.31686,-58.94793
1.919731,2.055199,2901,2368,34.34589,-11.05759,103.383,-104.3594,12.43341,-95.24204
2.07758,2.01478,3509,2368,28.37542,-17.33842,108.3441,-104.3594,4.332207,-95.838
1.726123,1.698449,3167,2368,25.29962,-20.90292,109.9718,-104.6108,6.086018,-95.50076
1.309933,1.418903,2207,2368,25.29962,-25.49726,107.9825,-105.0459,17.76201,-104.3788
1.08578,1.388962,671,2336,26.47321,-26.19764,104.1006,-103.9223,29.32259,-104.4324
0.968876,1.606491,3374,2304,26.69278,-24.34684,103.9642,-103.9223,32.88964,-100.1153
1.034424,1.796109,795,2304,26.69278,-16.85882,113.1068,-102.9328,28.61375,-95.8866
1.220412,1.85669,1819,2240,24.96701,-11.38983,120.7233,-99.50805,17.73553,-99.97146
1.45302,1.92074,447,2176,22.21908,-9.48675,131.4195,-94.55614,21.58956,-109.3063
1.477425,1.786527,113,2176,22.76196,-6.498116,139.6146,-91.64583,14.87221,-110.1071
1.419096,1.652536,46,2129,28.20382,-5.129611,143.6336,-91.64583,10.57767,-109.1024
1.356363,1.644703,27,2112,28.20382,-3.351718,143.2251,-89.51009,10.11878,-110.7455
1.264402,1.576882,17,2065,34.74494,0.693828,140.6524,-88.02575,7.383385,-112.9154
1.1127,1.389314,14,1984,43.00607,8.578808,135.0674,-88.02575,1.630369,-112.5291
1.034027,1.533105,14,1856,43.00607,14.14676,128.5161,-86.04265,-9.529776,-112.2345
1.002607,1.301779,14,1792,50.94012,15.97307,124.1044,-86.1419,-5.256191,-106.715
1.068466,1.323405,17,1696,57.44085,13.93102,129.7068,-87.01794,-15.65139,-115.0611
1.192894,1.474642,14,1600,63.29898,9.950017,135.6731,-87.63605,-12.54052,-110.3003
1.246529,1.047206,17,1600,63.29898,6.900042,134.321,-87.63605,4.155483,-126.3974
1.222725,1.265295,14,1600,68.08379,4.434955,128.9088,-90.41984,-22.23169,-104.0522
1.156863,1.334285,10,1568,72.17921,6.460792,122.8173,-92.24862,-29.23839,-109.0539
1.018849,1.303609,10,1568,77.12859,0.09262,120.3801,-89.42575,-35.20418,-100.2192
0.94742,0.989803,17,1568,77.12859,-10.29226,122.0177,-89.42575,-40.51798,-89.18248
1.012658,0.979973,4078,1536,87.81844,-14.76558,115.5163,-86.92819,-11.81,-56.55347
1.213936,1.428933,2719,1344,95.7583,-9.10747,114.0279,-86.04696,3.891992,-28.97888
1.29304,1.665548,405,1152,106.4466,-2.83657,106.2461,-85.41402,22.78463,-15.06747
1.210799,1.007055,767,1024,106.4466,-11.44909,100.0952,-85.41402,58.99963,-15.28821
1.143325,0.983466,447,832,117.8682,-16.70955,94.21683,-86.82811,67.99599,-172.1503
1.112227,1.283238,3519,960,125.0325,-18.65419,96.1175,-83.99402,62.93508,178.6411
0.991163,1.32961,3263,1152,125.0325,-9.61876,86.98721,-82.61842,67.61913,172.4254
0.954385,1.460144,3364,1280,129.2691,-2.831947,82.99777,-82.61842,80.03949,142.2112
0.827237,1.511684,3387,1280,133.2326,-2.273623,80.48068,-82.2866,79.38978,92.67554
0.605631,1.540664,3140,1280,137.891,-18.0969,68.30907,-83.82569,78.77934,88.11105
0.563093,1.502732,2922,1280,137.891,-36.87283,61.3109,-83.82569,77.79343,96.22723
0.455447,1.459176,3125,1312,140.9472,-37.24683,55.92492,-83.9466,73.3084,94.0981
0.374721,1.264593,3982,1440,144.0254,-9.312037,70.04354,-84.05056,67.29879,113.8578
0.622157,0.620276,795,1664,144.0254,31.20978,102.2374,-83.83288,67.01279,106.322
0.909665,0.56252,1422,1792,138.9002,25.94774,100.8624,-83.83288,-44.71355,-47.86982
1.148862,1.628505,1802,1920,135.9448,38.8182,98.96227,-83.92672,-36.90993,-54.24516
0.719895,1.331736,1604,1984,130.973,0.271877,94.80235,-85.41842,-19.20352,-73.22888
2.451511,2.600367,767,2080,130.973,-54.61247,58.48653,-87.04501,36.99033,-105.7931
3.428449,3.461684,718,2193,133.3903,-35.65808,45.84551,-87.04501,35.26439,-135
2.815707,2.912108,1397,2385,137.5531,-45.21908,62.88172,-86.82732,43.33858,-159.7055
1.11906,1.384243,1902,2496,137.5531,-30.17101,-137.4454,-83.69027,20.97224,49.8451
1.987837,2.221214,2111,2560,125.1879,-0.919585,-148.6355,-83.6887,-48.19228,38.09359
1.79585,2.179398,2094,2560,116.8386,19.35074,-171.96,-83.6887,-66.49771,160.1712
2.565444,2.222735,2047,2560,109.8083,40.47047,134.035,-87.11003,-46.02829,-107.5698
2.840674,2.156924,1877,2560,109.8083,40.50522,112.2828,-88.14387,-21.75403,-86.06976
2.02591,2.041093,1599,2560,105.0373,3.404042,81.21389,-88.53625,-10.95191,-85.82616
1.755724,2.024935,1422,2592,98.77797,-25.98593,89.64124,-88.53625,-7.159086,-84.1274
1.49391,1.508133,1397,2624,89.69277,0.180144,111.1015,-90.53745,-9.183988,-82.4685
1.276385,1.00147,1247,2688,89.69277,13.377,100.3721,-92.26829,-3.159974,-87.12922
1.691116,1.864114,891,2432,1.389933,-54.16362,23.21481,-108.7345,80.88077,-91.77476
1.735968,1.875953,731,2432,3.43205,-50.6926,9.75962,-109.7253,86.50084,3.2374
1.900032,2.022281,283,2336,11.38931,-48.68489,-5.270609,-109.55,76.06886,65.88518
2.047301,1.945011,3876,2304,16.90071,-48.9537,-13.71404,-109.2892,73.54827,77.61366
1.183077,1.14711,1045,2304,25.60537,-47.40268,30.32524,-110.8929,78.36994,-47.97235
1.039603,0.94031,3950,2336,29.83323,-45.83341,42.20456,-111.2059,72.59339,-50.63192
0.996436,0.907448,2830,2368,32.3042,-49.35307,33.55865,-111.8566,65.30791,-67.06169
1.18751,0.786574,2065,2368,35.57937,-45.87872,24.8897,-114.0852,29.79329,-58.96073
1.736369,1.874681,622,2368,14.68477,-13.07594,112.2907,-114.7199,-6.982445,-101.4164
1.536022,1.493291,1851,2385,7.847854,-12.88462,116.5713,-114.3297,15.06316,-108.11
1.391551,1.577015,2453,2368,5.31801,-24.66817,114.8109,-113.5763,31.24044,-113.2827
1.27187,1.825056,2830,2304,5.31801,-21.82918,102.3416,-113.5763,32.58759,-105.3544
1.286422,1.958775,782,2080,6.941834,-5.351865,138.054,-103.034,9.552732,-115.3148
1.335354,1.793718,337,2048,8.668969,-5.063242,146.7465,-99.82529,4.118759,-117.2893
1.306783,1.649779,287,2048,8.668969,-4.234978,148.1936,-98.53293,-0.158887,-115.4991
1.264061,1.544338,266,1984,12.46243,-1.78367,148.3673,-98.53293,0.597478,-118.285
1.196144,1.268317,590,1920,20.67668,2.344037,147.3579,-97.88783,5.818916,-119.625
1.078126,1.287639,714,1824,29.99966,8.515034,143.6716,-97.20292,2.381129,-121.5452
0.951454,1.295066,654,1760,29.99966,16.2666,137.2491,-95.85049,2.202712,-124.8407
0.844086,1.394089,475,1696,38.03857,19.00858,130.2317,-95.85049,-7.360858,-125.1871
0.79909,1.335854,234,1632,44.78757,21.86662,120.6679,-97.78296,-12.70679,-119.8377
0.830874,1.379949,64,1600,44.78757,18.76205,125.4979,-100.7585,-24.19632,-114.8971
0.847337,1.370808,27,1568,48.60673,12.47672,122.9507,-99.97461,-27.93623,-122.0858
1.028371,1.377122,17,1600,53.73317,8.345908,126.9042,-99.97461,-38.30975,-117.5559
1.200907,1.915804,3470,1280,61.70735,4.871952,110.5386,-91.21006,3.857705,-21.12809
1.348302,1.502225,703,960,72.24026,6.494348,110.0992,-91.77505,18.51926,-20.33549
1.282007,0.629323,1151,864,83.03631,-1.987818,106.5472,-91.77505,60.16048,-73.58086
1.143903,0.629759,1247,1024,83.03631,-13.67702,104.4671,-92.28507,54.17759,-152.714
1.081809,1.042087,927,1216,91.86818,-19.07925,106.0755,-90.90623,74.79039,157.3772
0.936174,1.496686,526,1344,98.46941,-18.4854,98.90059,-90.03576,68.16747,158.4003
0.895249,1.45291,36,1376,108.5882,-15.98655,81.23871,-90.84595,74.3126,179.5819
0.865384,1.495261,3839,1344,114.3669,-19.85345,72.41646,-90.84595,84.36444,-168.522
0.781418,1.48064,3854,1376,114.3669,-28.70138,71.49088,-92.06493,88.9885,35.69312
0.68675,1.414356,3716,1408,115.7921,-39.1179,60.5765,-92.60052,83.21947,56.69886
0.578984,1.454409,3967,1408,116.8477,-36.17934,53.45468,-92.13812,81.1984,72.58321
0.532503,1.291421,533,1440,119.4241,-16.12845,74.50039,-92.13812,70.65868,139.6043
2.623291,2.824795,1333,2048,110.3945,-49.62924,66.91512,-92.50014,36.10984,-118.8642
3.200443,3.461684,1326,2257,106.7199,-38.64384,53.08648,-92.73868,35.26439,-135
1.522093,1.193766,1749,2432,101.4209,-58.86947,80.68517,-89.85363,65.67789,-179.6019
1.182977,1.571117,1956,2464,101.4209,0.35749,-148.2802,-89.85363,-11.47066,47.22839
1.673056,1.638747,1998,2656,37.17162,0.311265,99.00108,-104.4519,0.601447,-87.2817
1.562277,1.598652,2047,2641,37.17162,-9.79943,96.21684,-106.4649,1.521804,-88.3267
1.589032,1.629351,2079,2624,26.17714,-17.73701,87.07059,-106.4649,21.08217,-84.3331
1.626113,1.680108,2084,2624,17.64478,-26.08871,80.89648,-108.8908,25.15602,-85.94484
1.932736,1.855068,846,2432,11.45467,-47.524,-15.82327,-112.3179,76.59161,65.91377
1.701231,1.52102,469,2432,14.52396,-49.02783,-8.909101,-112.3179,81.00346,30.22788
1.473778,1.434242,145,2432,14.52396,-56.03485,4.887372,-111.2414,79.54768,2.324432
1.38584,1.451402,3620,2432,19.15772,-60.0103,17.36907,-111.6829,77.08967,6.198556
1.266219,1.763401,3103,2240,5.917746,-11.47911,97.35733,-112.674,32.39814,-101.4706
1.238866,1.907742,2687,2176,5.917746,-10.67199,100.9293,-110.1561,37.04258,-92.70939
1.267487,1.986689,1838,2144,5.943053,-9.56588,110.0481,-107.42,34.12281,-94.29031
1.359051,1.921225,885,2112,6.486374,-7.987765,119.5999,-107.42,24.065,-99.80428
1.146361,1.611179,1674,1984,16.4435,0.356714,136.6128,-97.74251,2.682167,-114.4017
1.045795,1.396078,2847,1920,24.31001,6.830495,131.678,-96.18529,7.148419,-108.4134
1.064506,1.426332,3616,1856,31.59068,14.4174,125.9566,-94.51437,-1.639521,-112.4087
1.118869,1.688086,4021,1792,31.59068,16.3162,122.576,-94.51437,-24.44307,-103.4527
1.191733,1.411703,433,1728,39.81344,13.91136,122.8621,-95.23205,-7.683017,-107.2104
1.189346,1.629869,693,1600,46.23557,13.21731,125.384,-95.19781,-12.64482,-118.5724
1.153899,2.067875,735,1600,53.11575,10.37608,127.1544,-95.68667,-27.46744,-119.4099
1.132411,1.273356,433,1536,53.11575,9.268624,123.671,-95.68667,-25.06051,-97.40163
1.018352,0.807462,1151,1152,95.90571,-20.62659,93.18472,-93.1001,82.24422,61.44073
1.069157,1.143663,804,1280,101.0776,-11.14543,109.966,-90.65443,66.73436,146.076
0.800379,1.336105,394,1440,101.0776,-4.695125,84.46641,-90.65443,63.10949,135.1554
0.750851,1.728958,3871,1568,108.7642,-0.609787,77.74789,-89.51658,65.05743,113.3843
0.365271,2.20527,3199,1696,113.9722,-28.39933,67.74411,-89.84084,64.99697,102.3608
0.65062,2.166594,3182,1792,113.9722,-54.66423,-8.68967,-89.56544,67.28892,106.9246
0.60453,2.044887,3662,1792,116.4255,-56.33185,6.752484,-89.56544,74.47107,99.41405
0.376064,1.502709,356,1824,115.4732,-16.79149,81.41547,-89.17205,69.23909,120.0826
1.820287,1.958953,964,2624,-1.382558,-54.3092,23.94578,-104.4451,82.80357,-73.28575
1.945403,1.998649,868,2592,1.677761,-54.06713,13.25139,-104.2682,88.01142,16.87301
2.097718,2.016631,703,2592,1.677761,-52.70169,2.131375,-104.2682,82.33325,99.34273
2.154321,1.982335,447,2592,3.611874,-49.87349,-3.170894,-103.4549,81.21434,93.74267
1.98859,1.485365,142,2577,7.826331,-51.98566,-7.481115,-102.3035,83.80405,54.93118
1.65107,1.272964,3579,2577,12.25819,-51.2266,-2.59013,-102.1675,84.94184,52.10863
1.364428,1.032797,3018,2560,12.25819,-52.61601,8.541196,-102.1675,84.05394,23.70046
1.24701,1.039292,2116,2560,19.75568,-56.45963,18.69802,-102.9099,77.19729,11.24148
1.17879,1.063847,974,2560,25.34577,-61.98449,25.4951,-103.883,80.68212,-23.01476
1.198643,0.826337,383,2496,29.75619,-61.32543,11.23485,-105.041,75.9806,-37.57178
1.194736,0.513524,3743,2496,29.75619,-55.8257,11.09443,-105.041,56.00976,-79.94125
1.199764,0.448999,2734,2432,34.58227,-47.37528,16.34366,-106.4411,43.02192,-98.79716
1.17262,0.59121,1279,2336,38.02189,-32.92274,31.83338,-104.6429,41.62571,-118.9248
1.143521,0.959083,639,2304,38.02189,-23.02077,54.47583,-103.181,27.59896,-87.65959
1.368697,1.910346,639,2240,32.36916,-8.28448,68.37685,-103.181,20.39164,-77.05878
1.828421,2.091176,1284,2208,24.01209,-4.500494,90.39115,-102.876,15.15107,-81.95144
1.973646,2.00478,2698,2208,19.44773,-13.46706,108.9325,-102.242,3.431229,-92.9109
1.836884,1.998739,21,2240,19.44773,-15.38884,109.1476,-101.7661,-0.13989,-90.65051
1.533733,1.653945,885,2257,15.36771,-16.49989,108.0757,-101.7661,11.56334,-94.05627
1.283336,1.477728,1749,2240,18.33883,-15.51628,99.49206,-101.4524,28.00544,-101.7129
1.405418,2.072766,2719,2048,20.07795,-1.40769,127.0236,-92.70354,16.75908,-105.5603
1.561768,1.99512,603,2048,20.10001,1.300318,133.3821,-91.1995,9.847961,-108.5654
1.647926,1.788865,347,2048,21.86133,2.208376,140.8211,-91.1995,5.983564,-107.0837
1.435072,1.569658,292,1984,31.75421,2.850649,143.9246,-89.95068,2.844571,-106.4296
1.149511,1.421249,2015,1952,31.75421,4.318502,146.819,-88.9069,0.233618,-112.3028
0.968813,1.362226,501,1920,43.38863,12.2358,143.1109,-87.36707,-2.507474,-116.4433
0.933552,1.393071,1326,1856,55.37853,21.97566,135.5024,-87.36707,-10.68951,-117.1291
0.920979,1.345263,1407,1792,68.30724,27.61778,129.4096,-86.74825,-10.64555,-115.7966
0.934589,1.337429,1060,1728,78.01715,25.17346,126.8616,-87.99676,-14.93339,-113.7263
0.872906,1.428066,2314,1664,78.01715,17.31503,131.0794,-88.98053,-20.4904,-117.9989
1.1169,1.499401,480,1600,84.04926,11.47319,135.3974,-87.09776,-25.29071,-122.6954
1.238399,1.508333,132,1568,92.22273,10.55259,131.9394,-87.09776,-30.76448,-121.0438
1.37361,1.508269,42,1568,92.22273,9.717869,131.3523,-84.17641,-40.85729,-118.7674
1.054568,1.266275,21,1600,101.5654,0.364564,139.0953,-80.33771,-47.05715,-103.7483
0.932094,1.001837,3374,1664,110.1113,-12.90264,137.6122,-76.6073,-36.98279,-69.01203
0.90752,1.542793,1237,1536,121.5108,-4.943372,116.4371,-76.6073,-7.492624,-32.93402
1.141927,2.11651,4095,1152,121.5108,2.49522,102.6415,-74.7672,14.9193,-12.40091
1.355027,1.455134,945,704,132.9886,2.007118,97.90453,-74.66719,28.61633,-29.89149
1.383055,0.875586,1201,576,144.2269,-10.69582,96.74319,-76.32519,64.6712,-73.80212
1.358685,1.038822,548,704,151.8757,-18.80273,95.02,-76.32519,73.42238,-137.8445
1.204077,1.418898,3551,1041,151.8757,-18.58185,100.1526,-75.9074,77.49707,163.8108
0.961314,1.605904,3022,1280,160.4778,-11.34463,65.98631,-75.63075,67.05862,156.4077
0.916881,2.099186,2619,1440,166.1704,-16.61537,65.27654,-76.6396,71.91082,130.3844
0.594089,2.148365,2331,1600,173.2998,-42.29537,68.94593,-76.6396,68.48019,101.4065
0.798763,2.174326,2459,1664,173.2998,-53.01663,1.687678,-76.96107,66.80693,97.95174
0.725696,1.991277,3007,1728,177.2873,-49.20215,0.390664,-76.62669,71.68915,96.64065
0.459534,1.527965,68,1745,178.5232,-16.69378,70.43004,-76.15034,68.84167,124.017
0.743031,0.575027,1124,1792,174.8798,19.6795,110.4005,-76.15034,60.95303,110.5018
1.024917,1.129989,1834,1920,174.8798,17.9782,117.1471,-75.96303,-50.1179,-31.1259
1.131654,2.756033,2116,1984,165.4273,40.18244,123.0801,-75.67065,-46.01754,-49.34285
0.74028,2.232615,1668,1984,159.5527,-47.16976,119.943,-77.6422,-26.1281,-96.38968
3.035426,3.461684,607,2048,165.9689,-41.17995,56.88147,-77.6422,35.26439,-135
3.382354,3.461684,526,2257,165.9689,-36.22029,47.09079,-79.18322,35.26439,-135
1.844431,2.091664,1742,2432,173.5391,-52.49911,46.3053,-77.33353,72.84481,169.9211
1.367623,2.524077,2235,2496,165.3373,-15.23895,-155.0817,-74.5453,19.01397,51.97974
1.912028,2.21364,2250,2560,165.3373,0.749471,-158.1969,-74.5453,-44.84542,35.28373
1.344839,1.560637,1247,2560,132.68,-7.755253,116.09,-86.34074,4.611623,-104.8994
1.518157,1.708974,1380,2560,122.6109,-15.23503,115.7039,-88.42515,0.25973,-99.13956
1.679451,1.869963,1572,2560,122.6109,-5.264166,107.0708,-89.66453,-2.381847,-96.72361
1.715107,1.775723,1700,2592,122.8868,-6.68282,105.1729,-89.66453,4.537589,-95.23357
1.848697,1.706987,782,2560,-9.92,-51.86554,4.041555,-98.10466,87.37391,82.11005
1.948244,1.764038,383,2496,-7.050775,-50.41696,-4.986691,-99.03603,78.32137,52.6916
2.005849,1.764941,95,2432,8.562418,-46.39802,-8.725032,-99.03603,74.97272,38.49997
1.980884,1.745533,3786,2368,8.562418,-43.97548,-6.856795,-99.35895,72.66123,25.5344
1.729255,1.684011,2901,2240,29.06584,-46.86462,3.268211,-99.85441,77.68007,29.51565
1.524648,1.514413,1951,2208,40.81863,-50.73787,15.57821,-100.478,75.72607,19.21937
1.438919,1.255587,484,2208,50.26473,-51.45002,13.40478,-100.478,72.69794,0.861104
1.32672,1.062564,3285,2208,50.26473,-56.3399,14.76364,-101.9478,73.8066,-7.963303
2.088383,2.025266,3822,2240,16.51579,-11.43593,102.5212,-103.6328,8.834411,-87.05945
1.761228,1.888279,4053,2304,16.3285,-8.424481,104.39,-103.6328,13.28235,-90.71129
1.548574,1.585105,4091,2304,16.3285,-11.63766,98.97742,-103.8266,16.75719,-90.47897
1.27689,1.720779,3903,2208,16.61493,-14.37815,93.11541,-102.2092,27.2057,-88.77811
1.103039,1.85345,3135,2112,18.1876,-9.736243,98.42108,-101.1898,34.69717,-89.23392
1.207474,1.91396,2203,2048,15.1226,-5.697091,108.9979,-97.82852,30.51754,-98.268
1.352197,2.072365,437,2048,15.1226,-3.608061,117.1986,-97.82852,23.30745,-103.7859
1.436353,2.011596,2538,1952,15.7135,-1.148583,123.7171,-96.88109,16.43302,-104.5103
1.425874,1.859321,2069,1888,19.30259,1.42427,131.605,-94.97988,9.136622,-109.4989
1.409117,1.677249,1919,1856,19.30259,3.141644,137.6779,-94.97988,4.434574,-103.9937
1.381285,1.517702,1553,1841,28.67737,5.034149,140.1131,-91.56404,5.387397,-113.1318
1.244616,1.424443,1088,1824,43.12086,10.7107,138.8283,-88.69604,0.714022,-113.6722
1.060484,1.285664,351,1792,61.29137,16.83851,136.4903,-86.98443,9.528618,-115.4284
0.992242,1.321505,1745,1728,61.29137,19.90486,133.0367,-86.98443,-8.84205,-115.6936
1.039715,1.677578,447,1664,74.14748,20.97407,132.2216,-85.49162,4.730492,-147.6117
0.937151,1.412688,113,1568,83.74779,23.76447,131.1648,-86.02064,-18.11588,-124.8099
0.893822,1.551386,32,1536,96.6516,22.93922,130.6303,-85.45788,-23.46264,-130.6439
1.053506,1.50321,21,1536,96.6516,15.03792,136.0397,-85.45788,-43.91175,-141.1048
1.088104,1.350908,17,1568,104.3016,8.50458,142.0011,-85.87897,-40.81819,-141.1859
0.933224,1.109443,14,1617,111.6334,4.701664,146.7768,-88.20257,-48.21696,-111.193
1.353644,1.326839,319,704,134.3886,-4.025991,100.6475,-84.72578,12.52191,-30.75366
1.303455,0.87272,612,576,142.2443,-11.97346,95.05273,-84.72578,36.01299,-57.40578
1.378044,0.970391,100,608,150.5081,-17.56594,96.66306,-84.76719,71.17385,-36.07743
1.263329,1.16132,3455,896,150.5081,-18.68833,100.9989,-81.14053,81.22132,-156.7703
0.961633,1.811168,3061,1312,156.1857,-17.84151,75.54056,-79.92741,71.78835,151.3856
0.939982,2.159663,2705,1536,161.1702,-18.81977,63.7986,-79.92741,67.73238,140.8233
0.706025,2.110441,2523,1681,166.4812,-29.17406,59.38239,-79.89718,71.26385,121.4846
0.728433,2.128747,2606,1728,166.4812,-55.20195,19.59953,-80.45428,69.86167,113.4434
0.876061,1.905851,3182,1728,171.175,-53.85212,-9.265518,-80.45428,71.25358,101.5416
0.62281,1.635142,31,1728,172.5738,-52.42501,13.61886,-79.40842,71.56485,78.11343
0.68271,1.161309,913,1792,172.5738,-12.23069,82.68851,-79.15936,67.16668,52.88347
0.850361,0.514319,1642,1856,170.4306,26.789,97.16442,-79.2268,12.59118,-27.88858
1.244466,2.005188,2075,2048,165.7258,40.57967,106.6631,-79.2268,-39.20219,-44.7169
1.252522,1.72602,1951,2080,162.3622,-1.573986,111.4862,-78.75309,-11.93801,-88.02514
2.879136,3.152417,1371,2176,162.3622,-43.96095,73.13954,-80.30812,39.27068,-125.0216
3.21827,3.461684,1450,2368,167.7701,-38.39052,52.40294,-80.14961,35.26439,-135
2.716153,2.271148,1887,2496,155.584,39.8214,116.8273,-79.27301,-28.118,-86.15853
2.297869,2.070295,1855,2496,155.584,27.33368,78.25993,-79.19853,-11.78716,-80.45886
1.712312,2.050041,1860,2496,151.9891,-20.58815,96.03993,-78.74509,-12.75519,-88.33218
2.344909,1.735447,1791,2560,152.888,1.486177,121.5041,-80.04829,-6.411579,-89.94731
1.937054,1.7775,302,2577,46.71846,-45.6979,2.827316,-96.49832,78.89767,14.83867
1.955884,1.675439,4095,2592,56.30109,-47.94141,5.857374,-95.97653,77.43122,6.793281
1.929063,1.587901,3758,2624,56.30109,-48.96985,4.046683,-95.97653,85.09948,35.20521
1.783173,1.425246,3003,2624,63.28465,-50.31733,5.302534,-96.11807,83.89069,59.79498
1.4662,1.161183,2158,2624,74.04765,-50.83542,5.303096,-94.64837,85.98221,72.63829
1.124223,0.938929,1471,2624,74.04765,-53.47392,15.75813,-95.68845,86.84868,-9.317608
0.909044,0.695996,949,2592,78.20942,-57.5966,34.2373,-95.68845,73.96781,-60.0747
0.854229,0.551667,928,2560,84.76715,-58.32693,49.47308,-96.62675,63.18182,-115.9433
0.917324,0.513506,1348,2464,83.65205,-61.27136,39.09309,-97.68184,43.7571,-81.5354
1.009833,0.669957,1508,2432,83.65205,-48.1425,30.87658,-97.68184,29.52852,-79.96007
1.072171,0.893758,1365,2368,80.67681,-32.7094,46.87959,-97.86266,21.40383,-76.67482
1.346609,1.560633,1151,2304,72.8355,-9.467063,66.32979,-98.1454,14.10997,-101.9227
1.287863,1.452312,507,2304,38.90883,-28.8154,111.6444,-98.6832,25.25023,-95.37196
1.191063,1.580159,586,2240,37.27642,-30.53747,105.3684,-98.6832,37.00674,-97.67298
1.211269,1.744059,639,2240,33.48591,-23.54435,105.1516,-98.08515,39.06971,-95.26266
1.269592,1.869287,405,2176,26.47353,-19.50432,108.7,-97.98357,38.10598,-99.93929
1.089542,1.334589,2235,1792,53.87305,3.704392,147.1213,-90.35332,8.537469,-120.5119
0.99356,1.282897,2267,1728,65.52436,8.686774,142.6241,-90.35332,1.882855,-116.281
0.887135,1.282523,2197,1664,65.52436,7.550597,140.9231,-89.85289,-2.036101,-116.2797
0.912515,1.272692,1668,1600,78.9436,9.305918,140.7262,-89.38347,-9.214661,-116.2167
1.06572,1.281425,3729,1553,86.01894,10.54068,143.9621,-88.81689,-17.27731,-117.0364
1.130356,1.285427,1119,1536,91.7481,12.52306,145.6115,-88.81689,-23.73541,-119.0033
1.167837,1.2848,1540,1536,91.7481,13.75164,140.7613,-88.32292,-31.17826,-122.0293
1.159618,1.409437,351,1536,99.1017,14.39183,137.2294,-87.50204,-39.49062,-116.92
0.928175,1.472191,85,1536,105.3519,11.80535,139.7876,-86.64402,-50.86872,-106.2182
0.577374,1.285198,68,1536,110.9178,9.198166,132.5971,-86.64402,-49.90003,-66.83745
0.68805,1.376283,2613,1536,110.9178,-2.04753,113.834,-84.94406,-27.77524,-42.62682
0.95114,1.857265,3214,1376,117.4605,6.958381,100.6899,-83.95456,-0.141137,-20.48248
1.280793,2.126349,996,849,124.6668,10.70453,96.58799,-86.28787,14.9184,-18.0256
1.390559,1.376393,1668,512,130.5491,0.223694,91.92565,-86.28787,35.35703,-26.86581
1.330948,0.975875,1934,465,130.5491,-13.75263,86.64577,-88.50472,52.01421,-34.74079
1.263643,0.906271,1791,768,135.8596,-26.27711,82.59798,-87.43597,57.77972,-19.73654
1.432365,1.426728,1589,1280,140.6505,-19.5356,108.5414,-87.38329,80.07572,29.82774
0.926367,1.317324,1301,1536,143.3804,-19.16292,92.32924,-87.38329,79.85742,105.308
0.877661,1.415905,703,1536,143.3804,-21.85921,53.90417,-88.79855,79.16824,84.36913
0.645289,2.064495,4063,1472,146.9985,-44.51841,52.32488,-89.91416,75.48534,105.8944
0.952131,2.162606,3825,1536,150.6448,-69.06172,-18.29527,-89.48943,67.54269,114.4114
0.765215,2.143837,3871,1472,150.6448,-65.66563,1.984484,-89.48943,68.78918,126.3968
0.51031,2.038555,164,1408,151.5616,-32.64701,77.76322,-88.54549,61.74481,149.376
0.835729,1.219242,1119,1408,148.7925,9.919063,112.9438,-87.32023,59.44987,143.8159
3.461684,2.863965,1838,2048,136.3245,-35.26439,45,-92.03452,44.25438,-103.0163
3.460451,3.461684,2047,2240,137.3898,-35.27882,45.03062,-92.03452,35.26439,-135
2.151417,2.140251,2350,2368,137.1167,-68.275,71.3305,-90.83721,69.03793,-171.5568
2.553726,1.893284,2357,2432,129.5356,-28.93548,-152.709,-90.33309,-7.833048,51.01018
2.087696,2.283004,2367,2432,129.5356,-1.784894,-142.0457,-90.33309,-61.09557,104.0739
1.848843,2.272525,2382,2432,123.201,50.301,171.3551,-91.34657,-61.5778,-175.0987
3.152776,2.416498,2350,2432,120.4063,39.33984,124.95,-92.79498,-31.18056,-104.8235
2.347291,2.031447,2229,2432,120.4063,30.5533,98.61011,-92.06164,-10.0421,-87.62308
1.447041,1.17729,1621,2560,101.2993,10.92283,108.7967,-98.08885,0.350311,-87.235
1.238212,1.519097,1535,2560,96.52248,0.522198,76.32114,-98.67387,0.897324,-93.52739
1.30932,1.63154,1599,2560,96.52248,-28.48828,105.716,-102.7394,6.970681,-95.58111
1.526129,1.611023,1745,2560,89.59422,-14.39326,95.05444,-102.7394,10.19813,-82.37273
1.518142,1.607778,2015,2496,68.03742,-35.13805,79.743,-107.405,43.16537,-85.73112
1.547598,1.65212,1887,2560,59.68308,-41.62986,77.26899,-108.9988,54.30938,-94.82478
1.568594,1.675786,1710,2464,59.68308,-45.37619,69.56052,-110.9531,61.8836,-95.67844
1.553276,1.615256,1610,2464,56.66263,-49.81412,62.44464,-110.9531,63.69218,-94.52564
1.385358,1.557508,1013,2400,45.34701,-48.80025,37.91328,-116.8482,71.29276,-58.65468
1.452949,1.438779,885,2368,47.35978,-50.57115,27.62712,-117.9976,71.16855,-65.30318
1.624812,1.679167,703,2336,45.74353,-52.85134,19.2381,-119.2178,83.96958,-106.3482
1.746639,1.710908,561,2304,47.80098,-55.09386,14.14819,-119.2178,85.44297,173.9466
1.76276,1.622566,341,2336,47.80098,-58.6432,10.10752,-118.8359,86.0732,178.553
1.736182,1.488629,142,2368,49.71828,-60.6062,5.504494,-119.1875,82.04637,-134.1721
1.689527,1.460174,4031,2368,50.47555,-62.73532,10.99997,-119.1875,79.81406,-133.6887
1.567245,1.405727,3812,2432,50.47555,-62.85191,17.01757,-118.5643,82.62376,-138.9744
1.433584,1.361712,3391,2432,49.68509,-62.04949,21.94726,-117.7844,87.75427,87.64133
1.379378,1.146729,2843,2464,53.974,-63.40969,24.97757,-117.9539,87.11418,72.98183
1.410125,0.921948,2367,2464,52.51035,-64.88332,22.6266,-117.9539,82.51165,-72.93577
1.493403,0.816676,1947,2432,52.51035,-63.89188,17.2341,-118.5845,65.08353,-128.6662
1.080306,0.69714,1476,1344,124.9025,-23.07445,104.1173,-94.92907,76.2077,-15.06146
0.9983,1.161037,1070,1408,124.9025,-27.76958,109.4422,-95.40801,58.658,149.7261
0.758547,1.222747,430,1344,132.0359,-31.34141,72.85999,-95.40801,57.77334,171.5
0.779484,1.49354,3519,1344,134.7378,-26.23123,57.66452,-95.87002,81.07787,157.372
0.739012,1.949112,3253,1312,134.7378,-37.54106,63.42161,-96.27599,81.01984,119.8703
0.690479,2.011782,3236,1280,135.0541,-44.4091,50.94292,-96.27599,75.80465,118.6122
0.759096,1.986532,3534,1184,135.2203,-35.54308,59.96595,-95.49661,70.74308,140.9669
0.807819,1.741166,373,1280,135.2203,2.007914,69.31931,-94.6593,71.06421,150.9196
1.027642,0.668734,1333,1536,134.5039,26.16261,75.53089,-94.27945,64.23528,-22.9223
0.978092,1.504527,1919,1696,131.7538,22.53071,86.26415,-94.37186,-22.43804,-37.64904
1.123718,1.962633,2065,1792,130.263,-53.4147,57.81097,-94.37186,3.924373,-62.88893
2.657651,2.568304,1870,1856,130.263,-48.76557,45.52341,-96.72348,38.79457,-86.7979
3.245181,3.457954,1791,1984,127.6298,-38.01504,51.41726,-98.11003,35.30809,-135.0928
1.656247,2.756939,1956,2208,123.35,-53.08345,67.01638,-98.11003,46.4635,-170.0148
1.352403,0.686264,2084,2304,123.35,-19.48169,-171.9249,-96.17622,18.36712,111.0441
2.076786,1.524073,2047,2321,120.0396,-11.29637,-168.922,-96.23688,-50.98964,30.41955
1.470149,1.527192,2020,2560,64.78296,-24.73682,85.21484,-114.4258,28.01384,-82.71165
1.65255,1.635918,2015,2560,64.78296,-34.28853,82.31808,-114.4258,39.20561,-94.60382
1.834736,1.903168,1973,2560,56.09123,-41.5177,83.39093,-116.2321,44.929,-96.56133
1.951422,1.933127,1947,2560,52.71965,-47.62769,80.2585,-117.7424,48.60963,-104.3128
1.352374,1.245949,3182,2400,38.04892,-54.02216,19.27801,-118.5393,85.55627,-167
1.142548,1.212652,2555,2385,39.70125,-55.66711,28.0157,-118.226,83.13464,133.2096
1.117064,0.967681,2203,2336,39.70125,-64.60474,26.53895,-118.1446,88.00385,-177.4069
1.163901,0.805274,2158,2304,41.58261,-67.46917,8.756291,-118.1446,87.74626,38.19442
1.226753,0.520265,1947,2240,41.96318,-58.34658,1.026132,-118.3115,52.63856,-83.75516
1.268749,0.667139,1311,2176,37.2658,-46.67966,19.58792,-118.0651,24.56116,-89.70048
1.275257,1.146338,682,2112,37.2658,-25.05082,44.11221,-118.2489,12.81428,-88.61159
1.684201,2.011988,970,2112,28.488,-8.489516,76.5556,-116.091,7.539951,-88.19487
1.369647,2.081263,3263,1952,-11.50138,-11.58477,118.4689,-111.1196,22.5458,-100.9858
1.419312,2.075772,832,1937,-11.50138,-11.81235,124.452,-109.6715,18.02912,-105.3157
1.505411,2.021731,202,1937,-11.74466,-10.56761,131.439,-107.9622,15.7062,-110.7099
1.395411,1.8727,63,1920,-6.68746,-8.666604,136.6072,-106.1377,11.65127,-116.283
1.226626,1.635531,31,1873,-1.137995,-5.696613,139.2397,-106.1377,9.371643,-117.5192
1.214993,1.497857,21,1856,-1.137995,-3.987302,140.8232,-103.7252,8.065042,-115.2349
1.186129,1.406748,17,1824,7.383374,-1.871421,140.6251,-101.804,5.149813,-110.3198
1.113935,1.352837,14,1792,22.33198,1.838929,139.159,-100.1422,3.298356,-107.2589
1.074421,1.29805,14,1728,36.46553,6.975288,137.1139,-100.1422,-1.362551,-107.8362
1.071579,1.287602,14,1664,36.46553,9.313643,136.3486,-99.12574,-4.66847,-104.49
1.102846,1.345505,10,1600,52.8909,11.19467,135.843,-98.67072,-9.572354,-106.5153
1.127429,1.375825,10,1553,66.85726,10.7676,135.8636,-98.18703,-12.81585,-110.7506
1.141257,1.546927,10,1536,78.05219,12.17274,135.4541,-98.18703,-22.15159,-120.0484
1.170742,1.712741,10,1536,78.05219,12.81816,137.5338,-97.52596,-34.30859,-123.6339
1.115672,1.659993,10,1536,88.22401,13.43672,140.1998,-96.93375,-46.02002,-125.2342
0.852403,1.387772,14,1600,96.24326,11.8436,143.8691,-95.71655,-55.17602,-104.4459
0.808711,1.244364,2843,1568,96.24326,7.707283,134.522,-95.71655,-43.84161,-56.49894
0.938574,1.340988,1220,1472,103.284,4.723374,129.4721,-93.91918,-23.76497,-35.8247
1.181385,1.815786,4046,1152,110.7142,11.12241,123.6282,-93.54871,1.270479,-14.61294
1.248189,1.324684,927,672,116.0996,8.02043,113.897,-93.54871,31.81726,-9.866605
1.192151,0.789952,1503,256,116.0996,0.42217,99.79586,-93.89725,56.38115,-29.92627
1.144689,0.668712,1681,160,121.4434,-12.38252,88.32111,-93.99149,58.64973,-89.28673
1.188199,1.196671,1461,256,124.8356,-17.15381,90.64955,-92.41872,57.722,-23.35442
1.246495,1.213724,964,448,124.8356,-10.22105,93.02716,-92.41872,76.04662,-34.89908
1.428276,1.20752,292,768,128.1354,-6.006231,100.9094,-92.08127,81.79935,166.1901
1.06545,1.244983,3854,768,131.6015,4.926584,80.37691,-93.02448,61.00226,178.3609
0.827727,1.492481,3556,1024,134.0204,-2.48781,75.64086,-93.19394,72.16439,139.237
0.621036,2.018679,3406,1152,134.0204,-57.13008,79.33066,-93.19394,71.46746,99.40591
0.715937,2.145652,3470,1344,135.2346,-63.63646,14.00158,-93.09919,68.66463,113.0128
0.509966,1.980729,174,1408,134.334,-45.98271,56.6929,-93.16238,65.72514,130.1809
0.848053,1.524801,1092,1553,132.6304,-19.25643,99.90657,-92.67526,80.79745,138.9556
1.589168,1.610014,1649,1696,132.6304,-54.54441,98.55101,-92.67526,25.91736,-62.01327
1.776712,1.802297,1567,2432,46.02756,-45.38941,74.94535,-115.8244,60.69594,-103.4231
1.68356,1.90898,1503,2432,39.307,-48.96998,69.26333,-115.8244,57.7094,-113.9555
1.632982,1.857622,1375,2432,39.307,-49.80009,67.72015,-115.2229,62.35374,-109.144
1.584111,1.731774,1102,2432,31.45343,-48.11964,63.63448,-116.7559,62.30397,-95.77627
1.540076,1.639966,735,2432,27.57497,-47.16132,54.60084,-118.6395,63.59552,-91.23172
1.576033,1.861711,561,2432,27.58664,-48.17149,43.56555,-118.6395,71.1907,-85.73973
1.701161,1.802862,539,2432,27.58664,-47.6184,26.39876,-119.5261,76.55404,-84.69839
1.836382,1.838508,575,2432,23.61934,-49.07476,13.19627,-119.3401,89.68011,-101.3099
2.057516,1.723979,484,2432,24.74289,-49.76406,-3.167868,-119.9597,77.7935,91.98518
2.215575,1.715196,347,2432,27.53798,-51.16413,-13.97889,-119.9597,81.59534,111.9464
2.192962,1.676439,159,2400,27.53798,-51.97635,-18.32368,-119.0637,83.76427,103.878
1.996996,1.803546,3903,2336,31.05665,-52.46402,-15.64236,-117.815,81.0831,71.85761
1.669352,1.806913,3360,2304,32.56026,-54.31858,-7.78796,-117.2029,75.84386,45.27403
1.461696,1.689289,2555,2240,36.60156,-53.2467,6.881655,-117.2029,66.10675,32.45317
1.433504,1.497899,1535,2208,36.60156,-52.88673,13.75694,-117.3233,67.42982,27.76137
1.474521,1.066227,511,2112,37.21399,-49.95507,10.04255,-118.1003,68.51884,-16.37944
1.625995,1.845297,46,1856,-7.315363,-1.721993,143.9008,-104.765,3.73008,-111.6971
1.466611,1.602641,31,1888,-1.511978,-1.382317,148.7615,-103.0694,2.495627,-115.5048
1.25089,1.517484,138,1856,-1.511978,1.363622,150.8205,-101.6382,0.405363,-117.7456
1.137681,1.400666,64,1792,11.8923,6.46198,149.9,-101.6382,1.776918,-120.0942
1.048533,1.3399,21,1728,26.01156,13.44273,146.4193,-99.87568,-2.922715,-119.1426
1.085419,1.32163,14,1664,42.93954,17.19745,143.5332,-98.85554,-8.410572,-117.0588
1.01185,1.386965,14,1568,42.93954,19.496,142.0366,-98.54253,-13.43554,-116.7736
0.958586,1.413229,10,1536,58.26726,22.04025,140.4347,-98.54253,-20.50925,-117.7814
1.024364,1.520816,10,1536,73.32422,19.43281,142.4246,-98.47284,-26.34259,-126.0934
1.182741,1.633082,10,1536,83.92474,16.00496,139.9319,-98.56823,-39.35598,-126.1696
1.177983,1.727384,10,1664,83.92474,16.95022,139.8815,-96.9026,-48.99477,-123.4814
0.844851,1.247395,10,1681,91.48407,16.9509,138.6936,-96.9026,-57.41876,-102.6366
0.884,1.339736,494,1696,101.4559,2.000963,138.8409,-95.68729,-45.08821,-56.83362
1.119822,1.317086,46,1617,108.6077,6.794879,130.3074,-94.0965,-19.21194,-37.56345
1.307454,2.006664,3611,1216,108.6077,12.01554,118.2447,-93.95961,-5.274401,-17.71255
1.341857,1.664613,895,544,115.9143,13.19683,104.7811,-95.58446,18.86162,-17.11366
1.229268,0.725539,1269,384,123.0219,-5.455791,87.40003,-95.58446,56.03763,-73.80705
1.181261,0.629841,1102,401,126.7871,-18.70422,85.84495,-95.66746,63.6443,-96.53896
1.192942,1.040255,426,512,126.7871,-27.51601,87.16448,-95.39118,89.04799,-18.30706
1.155581,1.535957,3854,832,131.7861,-26.40289,103.8438,-94.72144,75.48553,116.5326
0.913925,1.925141,3178,1024,135.429,-12.92033,59.26569,-94.72144,73.84846,129.8707
0.833762,2.117364,2837,1152,137.1308,-13.98857,67.53034,-95.76735,70.71915,120.4759
0.566441,2.15435,2805,1280,137.1308,-52.97879,45.26811,-95.99799,68.08005,106.0403
0.892001,2.117167,3071,1408,139.4119,-54.77905,-5.334053,-96.10291,70.73441,104.6381
0.609887,1.714155,3466,1472,139.7878,-47.76013,9.851931,-96.10291,75.33144,98.20867
0.547852,1.206244,127,1472,138.1235,-1.110108,92.63617,-95.49531,70.59349,142.333
0.997965,0.616731,1006,1536,138.1235,4.058908,104.6707,-94.67871,79.25243,131.366
1.024388,1.269735,1774,1728,135.6722,36.16118,105.8456,-94.37922,-40.50914,-32.65779
0.794772,2.578396,2015,1792,132.2149,18.52701,103.9969,-94.37922,-33.92253,-46.06737
2.179156,2.050938,1614,1824,132.2149,-63.63868,66.46514,-96.55183,7.078154,-79.10228
3.461684,3.461684,799,2033,130.7841,-35.26439,45,-98.98106,35.26439,-135
3.046132,3.001297,1215,2240,127.4619,-41.00402,60.39014,-98.28553,41.75245,-153.2032
1.732599,1.259385,571,2432,104.8738,18.20354,101.868,-99.99331,1.487674,-91.22159
1.334468,1.106022,277,2464,101.2181,13.88015,104.4596,-101.0126,-0.192761,-92.91164
1.223429,1.475151,219,2496,97.09363,-4.675992,113.7541,-103.6627,5.538515,-92.5002
1.31547,1.798577,394,2496,97.09363,-4.63333,95.65489,-103.6627,-3.264443,-89.9202
1.837774,2.033638,1013,2496,26.97994,-59.75317,52.84921,-117.535,68.77569,-114.3905
1.779665,2.106141,789,2496,26.97994,-56.66232,41.68043,-117.4738,71.61184,-111.6822
1.786552,1.587812,575,2496,24.37785,-54.96892,30.46986,-117.4738,72.52216,-79.1917
1.826537,1.957629,484,2560,26.11297,-52.0417,15.94625,-116.1917,85.18446,163.1928
1.995542,1.952119,452,2560,33.40279,-49.10846,-2.679098,-114.9541,76.28137,98.2422
2.176145,1.820698,341,2560,33.40279,-47.84343,-12.98511,-114.9541,75.1006,83.49079
2.194474,1.740966,63,2496,34.78262,-46.63822,-15.07934,-114.7786,78.75999,66.63777
2.014737,1.625809,3694,2496,37.02669,-45.82125,-10.91646,-115.7861,79.19418,38.34464
1.672734,1.497978,3310,2464,37.02669,-49.56195,0.966436,-116.5724,76.61539,14.31981
1.559334,1.45071,2926,2496,39.49426,-53.61743,8.793277,-116.5724,73.2744,18.74998
1.471873,1.348151,2047,2496,37.12907,-56.67298,11.47352,-117.6818,68.78466,13.73565
1.437635,0.989493,1262,2464,37.12907,-55.41925,5.258803,-118.4385,72.01971,-4.019583
1.25775,0.646861,543,2432,34.2411,-53.18071,10.57152,-118.3236,71.47818,-87.3457
1.039326,0.534795,213,2336,34.68757,-52.89254,22.93072,-118.3236,50.54185,-113.7954
0.939111,0.473612,3780,2240,33.46577,-48.23466,30.5613,-118.788,43.28193,-107.2488
0.966131,0.672932,3812,2208,24.59207,-29.66594,47.83021,-118.8316,29.85716,-69.33742
1.431231,1.896455,3438,1809,-2.915353,-0.009768,133.6357,-100.3647,7.048561,-113.065
1.265746,1.664246,3797,1809,4.606687,-1.333805,138.0618,-100.3647,2.081632,-109.7183
1.261214,1.51672,85,1824,4.606687,-2.644639,144.2598,-98.84303,0.820374,-112.1433
1.239573,1.381235,533,1792,15.88212,0.081767,147.3407,-98.09495,1.556371,-116.47
1.148889,1.363087,874,1696,32.45125,8.377357,145.0886,-97.72524,-5.863991,-116.5305
1.127057,1.307056,959,1600,57.22922,14.91966,139.664,-97.72524,-4.853729,-120.59
1.194753,1.280115,974,1536,57.22922,17.39065,138.8873,-98.9378,-8.75723,-119.0873
1.15598,1.34713,896,1472,72.43959,16.02685,144.6887,-99.245,-13.99832,-125.3574
1.015568,1.327543,437,1440,84.61575,20.00303,144.9294,-98.3714,-25.12659,-123.503
0.905395,1.373797,3323,1440,84.61575,21.57133,143.6565,-98.3714,-31.24574,-128.0329
0.841645,1.57078,3519,1472,93.50948,20.85964,142.7284,-97.61765,-44.0997,-125.0428
0.783763,1.418245,3317,1536,99.63024,17.78712,147.9792,-95.94946,-58.14421,-109.2618
0.715915,1.168687,3003,1536,109.0186,15.40685,138.2782,-93.53143,-48.28787,-65.66057
1.027053,1.377867,2596,1536,109.0186,8.036946,128.7495,-93.53143,-22.63447,-37.31457
1.27876,1.698865,718,1312,115.2434,14.47238,119.1689,-91.83851,3.460392,-24.37266
1.46393,1.695551,1482,896,121.9145,14.4437,112.1251,-91.97294,1.915306,-22.66508
1.467278,0.872622,1823,512,127.43,9.253718,97.92429,-93.14545,29.78455,-46.85708
1.353064,0.820977,1947,448,127.43,-17.90925,89.57652,-93.14545,49.99393,-55.70566
1.328982,1.075494,1678,640,132.3893,-32.60632,93.21412,-92.35529,53.90715,-56.6297
1.282026,1.381346,891,960,135.5892,-31.84193,92.26304,-92.41849,86.55104,-122.1035
1.089155,1.700006,127,1088,135.5892,-24.8696,99.17508,-92.41849,65.5662,153.8973
0.945353,1.78482,3711,1216,139.0224,-10.41649,64.92793,-93.50549,62.66861,151.6608
0.69518,2.166679,3530,1344,141.6904,-24.14687,55.48779,-93.67761,67.28354,131.9149
0.72664,2.161509,3534,1440,141.6904,-66.5225,24.394,-93.67928,67.61317,104.9785
0.663455,1.941019,3711,1536,144.6179,-54.09761,11.80677,-93.67928,71.88033,98.11536
0.394218,1.454618,283,1472,143.9515,-23.66494,83.57857,-92.83575,69.39681,131.1249
0.880177,0.743325,1237,1600,142.3118,18.74962,115.2297,-92.03551,69.41999,100.982
1.216957,0.953781,1956,1792,142.3118,23.14319,112.9226,-91.51454,-30.95295,-21.75539
1.493498,2.620485,2293,1920,139.2858,47.22298,111.6773,-91.51454,-41.7939,-43.98417
1.170672,1.751304,2143,1952,136.615,29.45107,106.381,-93.44349,-29.60913,-68.70753
2.35337,2.48623,1646,2048,134.8126,-58.1304,64.43882,-95.51223,32.92574,-106.7246
3.461684,3.461684,1531,2240,134.8126,-35.26439,45,-96.28113,35.26439,-135
1.445848,1.868099,3893,1792,2.105719,1.029823,132.1353,-102.438,7.699491,-111.9476
1.385362,1.701072,324,1760,14.39234,-0.804812,134.2399,-100.4644,5.892737,-107.5427
1.246551,1.584873,842,1728,14.39234,0.74302,133.7032,-98.18749,4.368422,-108.8476
1.145032,1.451071,1151,1696,35.47696,5.508826,132.6293,-98.18749,4.571545,-111.0835
0.972707,1.057482,3626,1408,114.9855,7.582013,134.4848,-92.3352,-36.2959,-66.63126
0.917885,1.169574,686,1376,114.9855,13.03945,126.0507,-90.85397,-15.47564,-31.99651
1.047036,1.420325,1380,1184,122.0936,14.06718,114.9905,-90.85397,-2.183199,-18.86714
1.196825,0.949344,1742,785,126.8873,10.35606,105.4389,-91.47826,14.99236,-26.29234
1.178516,0.73921,1941,657,131.3764,3.165937,91.69621,-91.68295,31.99072,-40.69139
1.10506,0.948539,1909,704,131.3764,-11.55262,90.52297,-90.89025,43.31849,-25.79496
1.110874,1.112338,1429,832,136.348,-13.96222,90.06484,-90.1984,67.23874,-7.902694
1.215649,0.811678,927,960,138.842,-11.41159,109.4757,-90.1984,89.6832,-148.9027
0.908927,1.020707,181,1152,138.842,-3.420451,90.62791,-90.34251,66.34519,153.7441
0.766773,1.389306,3263,1344,142.0235,-7.860038,89.29137,-90.56966,71.90418,132.9378
0.452301,1.879458,3071,1489,144.7442,-65.53453,74.49287,-91.18752,66.50306,125.9855
0.675539,1.951035,3050,1568,146.3274,-74.7019,-13.67955,-91.18752,65.6805,124.3174
0.458371,1.728492,3178,1600,146.3274,-68.80554,94.83545,-91.32995,69.59555,121.9783
0.57017,0.985462,138,1600,146.7232,-1.035996,114.6043,-90.51327,65.17251,142.7703
1.030632,0.134586,1077,1696,145.2442,13.72261,121.9887,-90.01469,-31.29305,-59.53138
1.113725,1.621012,1599,1792,142.141,22.43903,122.1418,-90.01469,-41.04261,-48.25013
1.235663,2.023972,1738,1856,142.141,39.83479,107.8654,-91.05002,-41.76883,-54.3735
1.175062,1.777083,1151,1873,138.4388,-40.70165,101.63,-92.56203,4.670253,-82.27092
3.14927,3.353661,469,2065,137.007,-39.39214,55.20303,-94.74424,36.58016,-132.0869
3.296836,3.16191,942,2282,133.8508,-37.3166,49.66329,-94.79794,39.20431,-144.6572
2.8721,2.455543,1653,2432,122.7563,44.09647,104.3157,-96.4107,-35.4579,-87.75227
2.176708,2.371398,1663,2368,120.091,22.11544,97.65214,-96.8961,-32.44807,-87.09782
2.339534,2.267247,1563,2368,118.5197,1.145902,121.3015,-97.3154,-27.40053,-83.17047
2.057204,1.95035,1435,2432,115.0207,12.00391,96.66915,-97.3154,-12.4886,-87.04731
1.88881,1.806734,1806,2624,83.39094,-44.06313,87.96783,-109.078,42.4737,-94.6946
1.847181,1.837126,1791,2624,71.82479,-46.57829,84.31187,-109.7055,52.48664,-93.56698
1.73473,1.829325,1710,2624,65.20565,-46.09078,79.73959,-110.8551,58.85733,-98.06532
1.68442,1.868605,1582,2592,65.20565,-47.66683,78.86591,-110.8551,60.91866,-102.75
1.657926,1.71043,1343,2560,61.78864,-49.29865,76.45535,-111.7826,56.84581,-101.6668
1.594005,1.654157,1013,2560,54.75079,-50.51205,72.70562,-113.4969,61.1645,-97.62331
1.483766,1.656287,682,2560,54.75079,-51.79541,61.98531,-113.046,68.4602,-100.8703
1.413382,1.500853,309,2560,53.97825,-53.52281,47.92776,-113.046,76.12271,-109.8935
1.411853,1.296524,110,2560,56.80288,-57.84995,29.1644,-113.4664,81.7588,-142.8706
1.555096,1.238755,3914,2496,59.5889,-54.79694,5.803309,-113.3839,83.94072,145.0496
1.712376,1.323056,3598,2432,59.5889,-50.45559,-5.306751,-112.8779,81.88018,61.68658
1.759887,1.425192,3204,2368,66.02618,-46.48705,-6.172966,-112.8779,75.97167,32.45257
1.649295,1.443132,2481,2304,69.7111,-45.94439,-0.789333,-113.7044,71.09706,23.53135
1.46884,1.449956,1525,2240,68.59268,-45.99234,10.5395,-113.901,66.80225,16.0076
1.273816,1.339871,206,2176,68.59268,-47.51222,23.18952,-114.8827,67.22823,-4.107704
1.140248,1.095601,2933,2080,68.71671,-47.31151,30.21478,-114.8827,74.08223,-12.92749
1.019717,0.780211,1294,1984,68.30635,-49.15053,26.0401,-115.7995,80.77713,-46.58126
0.987549,0.641143,490,2048,67.75474,-49.28003,14.27966,-116.3909,80.16288,-4.56756
0.97668,0.511998,554,2048,67.75474,-49.36812,15.60647,-117.0151,78.85069,-0.105907
0.954364,0.450006,238,2048,64.13461,-48.16595,26.21145,-116.5859,74.4757,-123.4728
0.970624,1.30323,1791,1696,-9.92,14.00954,131.689,-86.57262,-3.716944,-116.898
0.971484,1.272507,2724,1600,96.75642,14.81406,129.4496,-87.79162,-4.464965,-124.3036
0.881696,1.415696,859,1536,96.75642,20.1242,131.1581,-87.79162,-18.17737,-120.3608
0.920555,1.508111,224,1536,105.2653,21.36991,132.1448,-89.69659,-23.90161,-122.9926
1.161921,1.596461,59,1600,114.8218,17.10678,135.5052,-90.06167,-29.26017,-123.9497
1.337657,3.174316,27,1664,119.9379,12.74295,140.2352,-91.13605,-37.72696,-142.7537
1.150943,1.753062,17,1696,119.9379,13.23898,144.5784,-91.13605,-61.22511,-97.45534
0.757757,1.460985,27,1728,125.4011,10.67467,144.4989,-93.00376,-50.00294,-49.06161
0.647352,1.670917,3168,1728,130.288,0.16197,117.2677,-90.25945,-24.01062,-29.35975
0.970703,1.989065,3615,1472,135.261,5.694601,106.8351,-88.32304,-0.622036,-14.23186
1.170197,1.828143,629,1024,135.261,8.154344,103.9192,-88.32304,18.53936,-9.159328
1.290178,0.941633,1041,544,141.1171,2.075519,99.26223,-87.73597,34.31827,-11.79909
1.235033,0.450379,1119,256,144.9461,-20.17569,95.09589,-87.54708,47.15075,-107.7169
1.162805,0.754077,639,544,144.9461,-33.3623,93.46409,-85.58351,63.57173,-76.27947
1.112129,1.73191,4042,864,148.9768,-25.56996,101.1241,-85.58351,71.978,65.48317
0.926887,1.989372,3758,1056,152.5033,-16.60788,91.16087,-83.37434,71.63697,111.9412
0.86461,2.106063,3647,1152,154.3328,-4.649742,74.17716,-82.925,71.61821,106.1861
0.60911,2.037942,3615,1152,154.3328,-10.91054,98.26811,-83.28728,73.06421,89.97057
0.452018,1.652482,3684,1216,156.7052,-63.89126,106.7901,-83.28728,68.44301,114.4073
0.511806,1.372678,3871,1280,158.6672,-77.64684,76.86183,-83.28498,67.72746,120.5098
0.647801,0.939529,341,1280,159.3736,-25.17232,101.8887,-83.79297,63.9463,144.5972
0.758541,0.771684,942,1408,159.3736,1.718888,102.3903,-83.65857,77.44373,-158.9685
1.003929,0.632567,1567,1536,157.7325,34.99218,95.11902,-83.65857,-8.328109,-35.15533
1.201713,1.914978,2047,1728,154.0787,27.4982,97.47721,-84.90958,-31.20968,-51.21688
1.872762,2.02855,1973,1792,153.549,-51.32985,43.69891,-86.09205,9.818703,-90.8743
3.461684,2.984473,1631,1937,153.549,-35.26439,45,-88.40038,42.0414,-115.6158
3.214398,3.318316,1727,2176,153.164,-38.44522,52.54924,-88.40038,37.03442,-138.9814
1.532918,1.185116,2148,2368,150.5852,-75.53326,120.2328,-88.53864,44.85521,174.9513
1.365579,1.261357,789,2496,139.2801,15.32865,106.4725,-91.46648,-9.640915,-78.97945
1.527103,1.480962,661,2496,138.3023,12.38878,108.6469,-91.46648,-7.428778,-88.69091
1.517624,1.684592,571,2496,138.3093,8.347832,93.63354,-93.17112,1.139092,-91.17461
1.421259,1.755548,607,2560,138.3093,-12.68168,96.1292,-94.34144,7.085585,-91.70751
1.525662,1.654589,782,2560,138.8498,-14.35992,101.6652,-94.88705,10.37536,-85.67739
1.5648,1.529213,1098,2560,137.7247,-2.607441,91.81805,-94.88705,14.85961,-81.60405
1.466572,1.434062,1294,2560,137.7247,-6.157961,97.425,-96.5149,13.34686,-84.19644
1.405876,1.35219,1375,2560,136.6876,-11.28226,92.89114,-98.20536,15.82243,-89.4009
1.764592,1.947854,955,2464,139.9099,-47.62396,69.13887,-103.8624,67.86693,-100.2414
1.669208,1.807654,618,2464,142.4694,-52.63304,62.03852,-103.8624,70.84506,-100.1947
1.549032,1.729214,526,2464,142.4694,-53.51856,55.74263,-104.9261,73.08239,-91.56993
1.446502,1.566467,81,2464,138.6127,-51.02083,49.43162,-105.1698,71.96442,-91.96053
1.065907,1.086169,2495,2464,141.6483,-52.27451,30.97662,-108.9073,81.98225,-95.03569
1.085004,1.0404,2372,2464,141.6483,-53.90725,30.52487,-108.9073,76.94642,-20.21311
1.126027,0.979214,1973,2464,140.9707,-56.77042,24.01597,-108.2034,69.40736,0.29429
1.246449,0.894138,1439,2449,140.687,-60.8464,20.38291,-108.3958,73.96915,-6.482434
1.360571,0.820566,970,2385,141.162,-60.42292,13.54776,-108.1934,79.05044,-29.67535
1.39523,0.843258,735,2336,141.162,-55.58446,14.00722,-108.1934,76.09837,-93.52145
1.420558,0.898086,878,2240,141.4185,-53.28512,19.65576,-106.8767,68.32778,-91.91828
1.413055,1.012882,1454,2176,141.7995,-35.98793,36.16559,-106.0653,50.36705,-79.76482
1.661233,1.676535,2286,2176,141.7995,-12.25796,64.44502,-106.0653,27.29623,-79.49016
2.01492,2.116291,3790,2129,147.4601,-6.464616,86.60966,-103.8308,18.8498,-86.29434
2.130379,2.033293,789,2112,161.3686,-12.24304,106.2648,-101.5221,9.452112,-94.81689
1.806822,2.036763,1077,2129,176.8322,-25.203,109.443,-99.02324,7.433869,-98.47934
1.294304,1.600056,1098,2176,176.8322,-37.25274,107.9608,-96.3571,20.96925,-102.1234
1.17993,1.684844,1119,2176,-177.957,-32.53847,102.7937,-96.3571,24.91104,-111.795
1.227923,1.98659,1137,2112,-176.3103,-22.12657,103.37,-94.66733,39.4403,-114.47
1.344848,2.087329,1087,2080,-162.7564,-14.92171,109.9252,-92.35094,37.08767,-109.5495
1.546163,1.812107,4095,1920,-144.2227,-13.47182,152.2924,-86.084,14.23131,-114.607
1.59791,1.72191,4036,1920,-150.3914,-9.927253,149.149,-86.084,16.60334,-116.4713
1.527209,1.62998,3829,1856,-164.5667,-6.614765,147.0959,-84.59975,13.92622,-118.1677
1.330659,1.622938,3711,1809,-164.5667,-3.524427,146.3428,-83.44703,9.298781,-121.1763
1.141969,1.919547,654,928,155.4153,4.015655,99.77,-80.91728,27.32096,-9.019611
1.136,1.230081,1066,529,155.4153,-1.335375,93.30087,-80.88871,36.06378,-19.75999
1.119551,0.537217,1151,465,157.4296,-11.07005,88.67657,-80.61007,58.1769,-103.9435
1.029772,0.579844,955,704,159.5296,-19.36265,90.83105,-80.61007,75.6241,-128.0304
0.971015,0.992066,607,960,161.2674,-15.72059,96.44508,-80.05918,74.50151,13.8188
1.018251,1.123817,319,1088,161.2674,-3.238476,99.91618,-78.35481,74.05034,89.13984
0.907649,1.215318,4085,1184,162.3373,6.699992,92.19888,-79.04493,74.95144,120.392
0.755326,1.164614,3854,1216,163.787,4.135677,83.5097,-78.46288,77.46578,107.8927
0.725786,1.28814,3726,1280,164.9971,-17.6069,94.28827,-78.46288,78.7738,135.1183
0.557114,1.153496,3780,1312,164.9971,-19.20302,85.478,-79.67191,77.24325,149.8058
0.537263,0.981239,223,1408,164.6137,2.863513,97.76164,-80.28778,70.50829,142.654
0.783685,0.514592,881,1600,164.3253,14.20213,108.384,-80.53953,76.97826,17.4817
1.135371,1.075976,1407,1745,163.1869,2.599,102.1645,-80.53953,14.5153,-57.04885
1.858957,2.103379,1582,1792,163.1869,-43.4083,80.52364,-82.02256,25.29267,-80.36123
3.13909,3.168196,1444,1952,162.4004,-39.5449,55.65477,-83.91992,39.11164,-125.6084
2.747198,2.964694,1518,2112,160.81,-46.67774,59.24263,-85.96832,42.38702,-155.8826
1.332354,1.581014,1503,2560,151.0481,-13.20105,91.89991,-93.51082,12.72713,-87.23402
1.447711,1.608741,1621,2560,152.334,-7.201147,100.6786,-94.38612,5.129682,-79.67701
1.584522,1.59061,1717,2577,151.2024,3.467332,96.37289,-96.12349,-0.145022,-81.72478
1.47607,1.51271,1764,2560,151.2024,0.362276,93.26941,-96.12349,1.987387,-83.61768
1.570308,1.678353,1454,2464,159.0339,-40.22375,77.41396,-102.8082,49.09512,-93.63744
1.742332,1.81471,1284,2449,161.6581,-47.5335,77.73093,-104.0271,53.37646,-98.147
1.795735,1.920783,1087,2432,161.6581,-50.76604,74.37162,-105.3147,60.5963,-108.5768
1.735936,1.943963,938,2432,163.4096,-52.94471,61.94953,-105.3147,65.74014,-120.1975
1.625023,1.984887,714,2432,165.1587,-57.37328,52.85485,-106.192,74.69426,-99.95582
1.504498,1.692075,405,2432,165.7355,-55.62667,43.3006,-106.8539,74.56906,-106.3282
1.416967,1.613125,155,2432,165.7355,-52.68362,36.27177,-106.996,77.70359,-95.38969
1.408179,1.454667,4091,2385,165.5751,-48.45296,29.29232,-106.996,78.60582,-79.28397
1.494711,1.50989,3780,2368,165.1364,-49.81579,18.95981,-107.2354,83.9844,-39.24278
1.661206,1.600574,3598,2304,164.701,-51.25165,8.101105,-108.1056,85.1252,175.8851
1.737106,1.609011,3455,2304,164.701,-52.53492,3.59119,-108.3612,85.47482,-173.821
1.745467,1.476641,3419,2304,163.8975,-53.69323,2.967108,-108.3612,87.2326,-100.5504
1.733329,1.438355,3263,2304,163.1672,-55.5972,6.196738,-107.9888,84.81201,-128.1814
1.648181,1.441653,2986,2257,163.1672,-56.09467,8.839227,-107.4105,86.03168,-25.92271
1.498605,1.5069,2532,2257,162.1757,-56.54515,9.820503,-107.1726,86.68733,86.62647
1.302013,1.307959,1983,2304,159.1581,-56.03662,12.08737,-107.1726,79.69375,59.43071
1.213758,1.202626,1316,2257,155.0059,-57.44895,13.68578,-107.045,68.62439,149.6024
1.195151,0.892152,622,2176,155.0059,-56.77637,16.85159,-107.3853,74.47769,-17.39332
1.268564,0.778485,145,2144,154.9332,-55.47747,22.93623,-108.8073,60.49528,-68.32893
1.397059,0.993541,3935,2112,154.067,-45.54894,23.17936,-108.4377,31.14903,-72.22667
1.223117,1.418462,576,1792,-134.1205,-4.450727,145.9745,-92.29784,11.8875,-118.9
1.169228,1.358145,672,1728,-164.1461,-0.451372,145.7005,-91.23436,10.8734,-120.0712
1.097301,1.251564,714,1664,168.3846,6.136725,143.4389,-91.23436,4.721944,-115.7455
1.0347,1.247536,1183,1632,168.3846,11.06003,140.4328,-91.20152,0.722821,-112.8498
0.92287,1.363026,1508,1536,156.9132,15.02087,135.4381,-90.51533,-7.59941,-109.6007
0.815154,1.460445,511,1536,149.5418,14.72654,127.4232,-91.13327,-14.49622,-108.3568
0.974096,1.542438,1919,1472,146.7751,11.87495,127.0019,-91.33605,-20.75107,-111.1148
1.080133,1.53082,590,1489,146.7751,12.49166,124.3795,-91.33605,-27.48772,-108.9485
1.159933,1.45626,110,1472,145.6638,11.74598,124.6239,-91.74471,-33.90546,-104.0257
1.16535,1.220138,36,1472,146.6192,5.906758,132.5367,-91.01849,-41.6382,-85.4649
0.984481,1.079679,273,1472,148.8247,-6.378561,133.7091,-90.08006,-28.5975,-59.12413
1.039892,1.181549,2015,1408,148.8247,-2.111165,119.8684,-90.08006,-8.502937,-40.74306
1.125024,1.411051,2943,1088,149.6149,1.078067,112.7673,-89.34822,10.41066,-28.09693
1.279696,1.632606,462,608,151.8004,5.942709,106.2332,-89.05681,23.50902,-18.77233
1.265384,0.9214,900,320,151.8004,1.59114,100.7957,-89.08008,40.43091,-38.76487
1.22306,0.645734,1105,352,153.7926,-10.51205,95.4052,-89.08008,56.48669,-116.2056
1.15807,0.736016,1124,672,156.4429,-18.47151,93.50548,-88.35909,70.89124,-66.45285
1.015971,0.932648,885,832,157.8732,-22.51605,87.76878,-87.52082,76.94273,-37.12866
0.967097,1.042883,341,960,157.8732,-19.87159,93.51449,-86.98587,82.36835,123.1931
0.817255,1.213704,3982,928,159.7777,-15.43629,81.48591,-86.98587,73.77158,162.9109
0.783952,1.381775,3413,896,160.9886,-14.64371,76.80645,-87.10656,76.93854,131.4681
0.614358,1.49307,3178,928,163.0584,-18.87406,78.51202,-87.70636,75.66051,96.4216
0.461033,1.659496,3103,960,163.0584,-40.27633,57.83136,-87.80389,71.52659,103.8396
0.35402,1.702197,3185,1024,165.1588,-42.00831,49.35403,-87.80389,61.79713,127.0949
0.436124,1.207168,4091,1088,164.0907,10.92487,90.04897,-87.55482,64.20672,122.8504
0.874825,0.34743,1019,1408,162.3777,19.48621,97.24487,-87.9536,34.40233,-8.961218
1.018113,1.435332,1610,1600,162.3777,27.94303,102.0057,-89.06709,-27.82177,-41.87179
1.1658,1.411896,1791,1728,159.9837,37.84341,99.45795,-89.06709,-30.40121,-50.38184
1.290119,1.705082,1215,1792,157.6521,-50.21354,80.58918,-90.32985,14.40969,-76.21475
3.154453,3.182877,814,2048,159.8835,-39.31488,54.97724,-92.27209,38.89711,-126.2141
3.262496,3.461684,996,2176,159.8835,-37.77771,50.81015,-92.82026,35.26439,-135
1.678163,1.775529,1422,2304,158.9821,-73.33975,-41.54606,-92.82026,53.78929,132.8177
1.546242,1.631172,1589,2592,145.221,-8.322446,109.5114,-100.4878,5.612017,-87.99086
1.716435,1.662397,1710,2592,147.227,2.15483,102.2227,-100.9239,-1.67586,-81.59238
1.646401,1.581332,1787,2624,149.6881,4.24957,98.84359,-100.9239,0.846533,-88.43703
1.498548,1.460785,1860,2624,149.6881,-5.36744,100.9047,-103.2643,4.23633,-86.90361
0.976568,0.870322,1653,2129,-128.5931,-55.39468,40.47689,-110.077,84.80678,-94.17413
1.050545,0.68048,1439,2112,-172.9292,-61.94923,29.6545,-110.077,65.24131,-70.46745
1.16398,0.688165,1393,2112,153.7151,-57.79015,11.0017,-109.7955,45.59821,-71.32862
1.205441,0.888509,1333,2112,146.155,-46.70525,19.01389,-110.684,7.169991,-74.39333
1.718353,2.015514,462,2144,-71.3508,-13.37016,111.2835,-105.1727,5.221572,-96.88247
1.36458,1.508985,529,2176,-71.92285,-20.04077,109.5343,-105.1727,19.26053,-95.80752
1.243158,1.50818,292,2176,-69.89912,-28.18911,105.4065,-103.0472,29.67373,-105.8025
1.212528,1.807388,95,2144,-69.89912,-25.6998,94.96448,-100.9957,24.70827,-111.6144
1.2322,1.476546,2478,1792,-110.7926,4.213051,143.067,-85.98086,7.08603,-113.6581
1.20371,1.438605,2207,1792,-146.9959,8.677022,141.8723,-85.98086,6.17795,-114.7791
1.219321,1.409508,1937,1696,-146.9959,12.6986,141.6238,-83.80568,2.423311,-113.0177
1.235425,1.437526,580,1632,-174.6424,17.79641,138.4119,-82.1202,0.177484,-115.9605
1.137116,1.498045,100,1536,172.2264,20.90973,135.3862,-81.47814,-7.647153,-115.3501
1.099665,1.580065,36,1536,164.6907,20.45151,136.3361,-81.47814,-16.45441,-116.4526
1.151385,1.591741,21,1472,164.6907,18.90001,136.3818,-80.84901,-23.53591,-117.5066
1.139852,1.566685,14,1472,160.4314,19.42992,135.9105,-79.93497,-33.75023,-122.7613
1.07963,1.630578,14,1568,161.5213,18.56511,135.3598,-79.11003,-46.19004,-109.9175
0.806987,1.442433,14,1600,162.8003,15.2782,137.6868,-77.46846,-51.07425,-91.53889
0.613312,1.425024,21,1632,165.0079,5.931478,119.0897,-77.46846,-39.56532,-60.74485
0.897795,1.462891,981,1536,165.0079,4.364289,109.377,-75.77193,-15.27484,-37.58913
1.177225,1.720927,2414,1216,168.3842,2.658103,114.394,-74.8903,-3.015257,-24.43722
1.298747,1.696408,100,768,171.0857,0.885403,114.0655,-75.68793,38.5392,-0.663781
1.130705,0.811245,469,576,171.0857,-9.392373,100.7115,-75.68793,42.724,-11.31568
1.073394,0.683768,63,512,174.8989,-21.67794,90.20322,-75.97958,81.08843,-168.4053
1.024636,1.164432,2570,768,178.2479,-27.08878,87.83481,-74.15068,72.67509,127.646
0.981683,1.601097,1572,960,-178.4114,-21.39991,105.075,-74.15068,60.69273,139.7639
0.692274,1.828976,910,1152,-178.4114,-14.93586,75.39474,-73.63348,54.43163,147.8062
0.708987,1.937105,917,1169,-175.9037,-9.063908,62.03058,-73.33468,66.06049,134.3963
1.940342,1.822882,1503,2496,178.9625,0.612437,124.1037,-71.351,-19.8864,-90.74014
1.659908,1.28775,1489,2560,-178.9529,16.1566,111.674,-71.73592,-11.40644,-100.1788
1.341887,1.20202,1316,2560,179.1393,12.81427,105.045,-72.38884,-4.721537,-91.56983
1.244886,1.499389,1205,2560,179.1393,-4.186932,112.2201,-72.38884,0.07226,-91.56195
1.782254,1.811613,17,2496,-156.084,-52.19624,6.608348,-84.72997,85.2368,42.05802
1.936973,1.8518,3611,2449,-159.691,-50.81908,-3.289145,-85.40038,78.88558,61.79274
2.077525,1.92792,3327,2432,-164.4363,-51.33032,-9.392829,-84.87675,76.29201,75.65205
2.084671,1.886519,3071,2385,-168.4024,-51.93684,-10.83849,-84.87675,77.15824,95.41781
1.880506,1.775211,2542,2368,-168.4024,-52.52298,-8.603567,-84.24781,76.64636,75.4903
1.618672,1.534934,1727,2432,-174.3859,-52.84145,-0.210908,-82.825,76.74004,79.89138
1.298283,1.096634,767,2432,-178.6456,-53.3972,15.66694,-82.3531,80.25124,165.6396
1.039577,0.842418,383,2432,174.9335,-54.0832,32.25932,-82.3531,82.50076,-128.5804
1.376258,1.93847,2011,2065,167.7743,5.935324,69.12032,-78.26375,1.916936,-82.11329
1.89816,2.005618,2052,2048,167.7743,1.605805,88.60915,-77.38397,3.337273,-86.55737
2.050904,2.024672,2837,2048,174.0102,-8.490426,101.9689,-75.50667,0.01381,-99.20407
1.845776,2.006513,174,2112,-179.9227,-11.05669,108.4594,-75.50667,0.257794,-95.08247
1.127278,1.794865,942,1984,173.7376,-14.01052,93.27076,-68.68232,34.66805,-95.63921
1.243755,1.886649,3327,1920,173.434,-9.547797,105.9697,-66.8636,29.84966,-99.67441
1.352325,1.874015,3684,1824,175.3002,-7.5165,116.0439,-64.87646,21.73775,-105.3872
1.347756,1.849377,1173,1824,175.3002,-7.048009,124.222,-64.87646,16.21308,-108.8109
1.234852,1.434561,287,1696,178.1583,3.79826,134.3742,-60.67226,7.483695,-110.7473
1.116165,1.428374,607,1600,175.8057,8.257603,127.2869,-59.70863,5.108484,-110.6814
1.018052,1.408513,2751,1472,174.5029,5.81185,125.2809,-58.0149,2.300848,-113.6007
1.00845,1.366215,785,1440,174.5029,5.418118,122.146,-58.0149,0.207214,-115.7722
1.073615,1.368817,142,1344,174.255,5.376032,124.782,-57.26805,-2.955514,-116.2426
1.15735,1.338915,42,1408,175.6409,3.166433,130.9825,-57.99884,-8.953365,-116.3393
1.264022,1.302385,21,1408,176.6869,5.194284,129.6207,-57.5476,-18.23241,-116.8279
1.319372,1.277001,17,1408,176.6869,8.577744,127.3393,-57.5476,-24.76685,-113.5928
1.152043,1.225721,14,1440,177.935,6.01184,127.2781,-57.76787,-33.84434,-106.2283
0.882244,1.199352,14,1536,179.7493,6.594666,125.4014,-57.00741,-36.05856,-86.38206
1.006576,1.297041,142,1600,179.7493,6.503514,120.5238,-57.25202,-30.51323,-65.93398
1.289208,1.422174,2752,1536,-179.2063,11.57871,116.8522,-57.25202,-13.68552,-39.77027
0.95467,0.942992,3029,768,-172.6496,-28.77661,94.87186,-54.83641,72.05676,-173.8405
0.877468,1.276211,2884,849,-172.6496,-29.75486,85.82123,-55.55474,77.42982,148.2054
0.812505,1.599646,2651,913,-171.175,-25.17967,73.43825,-56.5687,79.90845,126.1566
0.789001,1.750654,2222,960,-169.577,-18.9155,69.94488,-56.5687,78.49899,111.7995
1.89476,2.826516,1706,2464,-177.5965,-11.38201,-139.4336,-70.39071,-0.382087,45
2.041136,2.004979,1727,2496,178.5695,-6.917371,-145.1617,-69.63379,-64.29174,78.18647
1.76179,2.270332,1695,2496,178.1925,44.34856,155.3347,-69.63379,-60.66175,-159.1181
3.019645,2.557603,1631,2432,178.1925,41.44243,118.0015,-70.85125,-38.48124,-93.39732
2.407193,2.195828,1486,2385,176.7416,30.86031,75.28442,-69.1553,-23.0515,-81.5575
2.419148,2.165856,1365,2400,177.1944,-12.81006,122.0864,-69.50565,-20.90988,-81.05342
2.10316,2.002055,1134,2432,179.4162,4.756563,107.5279,-69.50565,-5.5882,-84.49606
1.743549,1.356752,1002,2496,179.4162,16.09704,92.13902,-71.52747,1.852493,-89.40203
1.481538,1.663769,561,2496,-169.4261,-51.68377,50.17007,-86.92686,70.98758,-102.07
1.521795,1.649476,452,2496,-170.1918,-52.55603,40.70086,-87.2847,76.64185,-111.316
1.588823,1.598463,356,2496,-170.2822,-56.13657,19.65223,-87.76706,84.1319,-140.8626
1.717127,1.664512,234,2496,-172.7827,-55.2748,3.95502,-88.01965,82.53803,109.8104
1.433236,1.450112,2581,2304,-179.4187,-60.0154,10.78361,-87.36629,81.54564,75.51845
1.305582,1.236175,1919,2304,177.5041,-62.43235,18.37824,-87.36629,85.58395,47.25948
1.218295,1.185691,1087,2304,174.6311,-64.13932,23.8109,-87.57381,87.30116,130.8797
1.173104,0.797018,522,2240,171.2065,-63.89897,26.39243,-86.93356,70.61289,-58.98187
1.184501,0.759035,14,2208,171.2065,-56.23132,25.89082,-87.14182,50.01398,-92.22188
1.277072,1.036389,3313,2176,169.7526,-41.4768,35.27781,-85.09613,20.17984,-73.25705
1.467258,1.772137,2826,2176,169.9426,-19.0201,55.33225,-85.09613,8.141074,-75.97197
1.850144,2.03599,3274,2112,175.3687,-6.282388,81.8019,-82.85106,8.074264,-82.50939
1.013313,1.560555,430,1472,165.0462,22.72785,130.5851,-66.12491,-21.05739,-119.8166
0.962732,3.411245,117,1472,165.0462,21.83085,124.1532,-67.66055,-35.86568,-136.3
1.028072,1.343037,36,1472,164.5833,20.43734,124.2445,-69.96119,-37.30968,-106.2627
1.07639,1.43945,17,1472,164.9755,19.51285,126.1568,-70.12891,-42.5815,-100.3411
0.839373,1.32847,14,1472,165.4238,9.119867,122.1811,-70.12891,-42.6889,-78.68796
0.941906,1.20523,128,1472,165.4238,2.5946,113.878,-70.54701,-31.04719,-67.06274
0.948654,1.444647,3524,1344,166.3561,4.499361,103.5065,-69.29408,-10.685,-41.91365
1.058807,1.767775,3391,1152,167.6479,7.284948,96.3424,-67.8752,3.024368,-24.08069
1.133464,1.355839,415,640,167.6479,-2.692892,98.07117,-67.8752,11.60176,-19.22137
1.061323,0.642474,484,337,169.8133,-15.55944,90.21194,-67.00063,47.38525,-21.36574
1.046016,0.769784,3611,512,171.6502,-26.15959,90.38343,-65.71853,84.97976,30.65232
1.011897,1.29181,2410,768,174.7766,-17.96325,97.00702,-64.87281,68.05662,97.33246
0.726514,1.734752,1380,1120,174.7766,-11.61547,87.49445,-64.87281,60.77668,130.9464
0.674036,2.048294,900,1312,176.7138,-11.72248,65.21857,-65.05241,61.19597,131.0227
0.498748,2.155008,590,1408,178.88,-23.00993,75.77726,-65.0422,66.16508,117.8808
0.493605,1.956718,671,1472,-179.4567,-64.93734,41.20322,-66.01345,66.44696,106.4556
1.021101,2.092604,1710,1952,177.489,-22.76377,129.5665,-67.88293,-27.10851,-56.93806
2.190776,2.140019,1343,2048,174.9012,-65.82255,93.07871,-69.57044,20.35347,-95.0547
3.448527,3.461684,750,2176,177.024,-35.4191,45.32977,-71.93531,35.26439,-135
2.833331,2.841591,1390,2368,177.024,-44.86108,44.72927,-72.05431,44.69557,-171.6619
1.543087,1.766945,1467,2624,169.5461,-13.23611,108.7911,-76.93825,8.637038,-98.38079
1.759753,1.722941,1567,2624,169.5461,-7.096583,115.3307,-76.8746,4.003524,-95.13331
1.72818,1.666301,1695,2656,171.15,-0.68965,108.0147,-78.84826,8.79358,-105.2157
1.508692,1.6553,1764,2688,170.8331,-6.136828,107.225,-78.84826,1.628129,-98.47363
1.515439,1.688846,906,2560,-173.5411,-55.57749,62.3511,-86.63203,67.44315,-111.2835
1.480412,1.78222,671,2560,-173.5411,-54.07612,58.13494,-86.41949,69.28001,-110.8966
1.42136,1.60488,452,2560,-174.4665,-51.0107,49.50087,-87.24809,69.39834,-103.1431
1.3956,1.513505,27,2496,-174.6146,-49.91014,38.58511,-87.86324,78.81166,-91.33305
1.80108,1.571424,3039,2176,178.0733,-50.421,-7.575322,-89.49581,80.17206,33.42263
1.703557,1.601832,2783,2129,178.0733,-51.80413,-6.610595,-90.27213,77.95068,49.63905
1.56398,1.600127,2609,2080,177.3085,-51.98614,-2.944129,-90.31506,76.29737,82.4541
1.305787,1.531052,1905,2080,172.7334,-55.55428,3.963907,-90.15333,75.48409,91.47557
1.077524,1.398315,1162,2048,172.7334,-56.59396,20.47537,-90.15333,79.60554,102.4266
0.986102,0.970148,671,2048,169.6752,-57.97851,34.65415,-88.78424,88.55283,-72.46728
0.954493,0.694687,868,2080,166.7328,-61.57515,40.104,-89.42074,69.64239,-101.4432
0.966596,0.594202,735,2112,163.8589,-61.00685,28.23002,-87.97752,53.24971,-84.24931
0.981443,0.688961,671,2112,163.8589,-43.94798,24.36577,-87.97752,16.6334,-59.92611
1.119565,1.046097,4031,2080,161.8878,-27.23033,34.55771,-87.32362,6.240013,-70.96136
1.450792,1.946229,3569,2048,162.6809,-3.811532,60.47403,-86.39115,8.59458,-76.99545
1.99931,2.027151,159,2065,169.1179,0.681784,91.36201,-84.5022,5.117079,-81.83489
1.173239,1.750165,2911,2129,176.9464,-22.21554,87.67286,-79.3594,34.9717,-102.5034
1.24826,1.755108,2692,2048,173.7504,-16.21437,88.33186,-78.08274,36.74963,-100.7952
1.270345,1.801607,2043,1920,174.6437,-9.318256,96.65608,-76.24223,38.64967,-103.5802
1.320626,1.853499,388,1856,174.6437,-7.671297,109.6924,-75.00527,33.82458,-107.463
1.260762,1.886017,1841,1792,176.2972,-9.693315,125.0084,-75.00527,22.1956,-108.9236
1.284635,1.836872,2203,1809,177.3725,-7.38249,134.5596,-73.57923,14.0904,-108.2408
1.340614,1.741769,544,1792,176.7238,-6.022937,141.2034,-72.37085,8.986255,-106.4764
1.36105,1.608336,373,1792,176.7238,-4.805039,142.9796,-71.70184,6.067709,-108.4695
1.322081,1.446984,1066,1792,175.4073,-3.475813,143.3653,-71.70184,6.949218,-113.1919
1.245775,1.384363,352,1728,170.8366,-0.443276,142.927,-69.91349,8.38398,-116.6598
1.068677,1.358237,2261,1696,166.5679,7.105237,138.0473,-69.099,7.496573,-116.4269
0.997502,1.37542,3050,1600,166.5679,13.63908,130.1707,-68.43732,5.497148,-116.2648
0.932644,1.391094,3509,1536,164.2998,12.00838,127.414,-68.1323,1.779094,-117.0136
0.934167,1.397121,3022,1440,160.1894,12.82363,125.5368,-68.1323,-6.369688,-119.368
0.988136,1.381794,362,1408,159.3917,14.71238,123.541,-68.35913,-12.36566,-121.4962
1.012638,1.282833,1115,1408,159.3917,15.13741,122.3601,-69.06558,-16.89294,-118.0678
1.065824,1.377978,196,1408,158.9576,11.16401,127.5745,-69.84794,-29.33766,-116.9502
1.06698,1.252255,64,1408,160.3648,3.996246,132.1034,-69.84794,-36.18821,-107.3796
0.826039,1.039019,27,1408,162.8254,-4.400425,132.3585,-70.22522,-34.34237,-81.51557
0.836495,1.058014,597,1297,162.8254,-4.026918,111.0306,-69.98054,-20.71468,-61.77315
1.09584,1.31105,3982,1041,165.6926,-0.695301,109.604,-68.62401,0.685136,-48.01199
1.368857,1.495206,2958,704,166.8809,2.630779,108.924,-68.62401,11.62926,-33.47959
1.417652,1.246311,149,384,166.8809,0.48815,106.7101,-67.55272,17.31832,-37.4151
1.310796,0.756741,644,128,168.2793,-10.59504,101.3089,-67.16509,36.55099,-73.47257
1.185674,0.804661,494,337,169.5339,-26.53666,100.5603,-66.82629,77.07614,-78.20636
1.027259,1.259268,3999,640,171.8169,-33.21979,88.99135,-66.82629,84.47998,38.27229
0.967446,1.601233,3099,849,172.4298,-30.81731,80.53422,-66.19253,77.41456,138.2317
0.987382,1.770156,2538,960,172.4298,-24.071,81.40387,-66.51386,70.15708,154.1815
0.831352,1.674138,2581,977,172.727,-15.54311,66.39861,-66.58989,74.58825,149.5253
0.712894,1.49772,2911,1024,173.3176,-20.19776,80.76612,-66.98412,76.75834,92.17049
0.53169,1.494856,3135,1088,173.5628,-45.01572,75.93895,-66.98412,70.42155,75.2987
0.431236,1.484476,3445,1088,173.5628,-41.43127,71.72572,-67.43504,70.69971,102.0559
0.446729,1.539038,3946,1152,173.2789,-23.73729,101.1205,-68.02553,59.29915,130.3085
0.577434,0.828186,814,1376,171.9008,6.660874,119.305,-68.2052,55.41808,57.19463
0.709252,0.909481,1518,1664,171.9008,9.360024,134.0464,-68.2052,-26.5318,-23.03221
0.843568,1.598736,1887,1792,169.9619,-45.24916,122.8837,-70.27518,-13.53976,-67.97603
1.080238,1.515345,1444,2592,162.7104,-15.8277,101.2163,-80.37383,2.434019,-86.73399
1.346734,1.686673,1531,2592,162.7104,-10.75527,101.0038,-80.37383,2.167988,-86.63671
1.576489,1.730335,1774,2624,163.9257,-3.893794,106.7918,-81.7395,1.91923,-85.377
1.79933,1.770983,1962,2624,163.9932,-0.246687,108.9337,-83.53945,-1.701411,-88.67902
1.675026,1.638368,2047,2624,165.4508,-1.389785,97.14832,-85.30212,8.571322,-89.64619
1.49016,1.546993,2062,2624,165.4508,-14.45761,92.48587,-85.30212,16.01807,-85.62852
1.509374,1.5807,2065,2624,168.7511,-20.37528,87.64038,-86.6876,19.47895,-80.80449
1.56664,1.679868,2030,2624,171.2129,-27.39463,84.1554,-88.30051,28.59618,-81.4376
1.512321,1.711262,810,2432,179.0574,-49.8174,42.38789,-94.20773,68.70458,-97.88674
1.605985,1.667495,548,2368,179.311,-51.7341,26.11874,-95.14812,75.38931,-83.27074
1.768876,1.731633,443,2304,175.7533,-49.40812,8.34998,-95.65749,86.387,-104.8675
1.909512,1.950265,219,2208,175.7533,-47.19382,-4.759615,-96.14951,80.90948,60.10036
1.546039,1.470171,2446,2048,157.6306,-58.68182,5.191279,-96.79758,78.36563,81.42143
1.325836,1.230894,1444,2080,152.2581,-60.48287,11.98676,-97.18043,82.20226,106.575
1.191419,0.701978,458,2176,148.4539,-56.83093,3.750589,-97.45259,79.12077,-85.40504
1.150561,0.512982,635,2176,144.1825,-51.72856,13.30707,-97.58646,41.27907,-109.427
1.963877,2.025419,885,2129,160.1095,-16.11841,110.2577,-93.32255,-0.779991,-99.30118
1.562401,1.61938,1429,2176,167.2059,-11.63372,106.5951,-92.02918,10.96604,-96.2006
1.295995,1.46375,1471,2208,172.9754,-11.14594,103.0222,-92.02918,21.20126,-106.7461
1.250423,1.555,1247,2176,172.9754,-10.26529,96.865,-91.56757,27.20441,-99.48476
1.270469,1.790371,772,2048,167.5175,-8.323466,93.95112,-90.17673,30.35188,-83.98283
1.367653,2.035635,78,1984,173.8249,-1.722669,100.2895,-90.44241,29.45129,-83.33036
1.503164,2.123502,3647,1920,179.7424,2.388595,111.8619,-90.44241,21.83214,-90.74471
1.531474,2.109814,2805,1856,179.7424,3.420682,120.4983,-88.82806,16.80211,-98.297
1.5093,2.086644,1806,1824,-176.313,3.357329,127.8414,-87.39511,9.277889,-103.9506
1.529003,1.99643,1892,1856,-170.4584,2.373371,136.1179,-86.5611,4.393173,-105.7761
1.497538,1.819918,2239,1809,-174.3365,1.386447,140.8622,-86.5611,1.744028,-107.2859
1.392927,1.72447,2833,1792,-174.3365,3.258613,138.9394,-84.98743,1.791926,-108.6844
1.309913,1.656859,3492,1728,165.6538,6.978442,137.0247,-83.36797,2.595498,-113.0688
1.237898,1.535718,3914,1600,156.2035,12.77691,135.3726,-82.82633,2.770773,-113.7311
1.152677,1.495234,4031,1536,148.8449,18.7467,133.1816,-82.09569,0.575024,-117.9838
1.080752,1.401378,4078,1472,148.8449,22.1361,130.6411,-82.09569,-4.106152,-116.7395
1.113528,1.282881,452,1152,155.414,-6.586958,116.5622,-78.07693,0.095353,-25.99606
1.313978,1.655874,1435,640,158.4326,-4.483837,107.4537,-77.74239,18.92033,-14.20184
1.247934,1.124417,1700,192,158.4326,-14.6121,96.18549,-77.74239,47.62771,-26.86619
1.159679,1.193054,1279,3968,160.7916,-24.27567,82.89344,-78.23878,71.25626,-8.906274
0.980874,1.39088,202,0,164.4829,-29.11946,70.01968,-76.94469,76.63733,74.01727
0.952625,1.647321,3893,256,164.4829,-16.64389,82.69307,-76.05727,74.73123,101.3368
0.832653,1.503607,3867,416,166.7135,-0.507901,74.31119,-76.05727,73.52264,88.83621
0.79752,1.424232,3807,512,168.1089,6.455762,79.48411,-75.58833,70.70053,72.86124
0.736424,1.254832,3812,640,169.1719,6.668891,106.6516,-75.76059,67.32497,67.92757
0.327192,1.041341,3822,768,169.1719,-42.4604,129.1437,-75.78699,66.75143,83.06166
0.504519,1.147674,3839,864,171.5636,-75.74126,-110.668,-75.78699,59.27293,106.2311
0.470322,1.335023,4068,1024,173.7022,-73.98589,-179.6229,-75.79647,61.25703,113.8591
0.453437,0.808557,735,1216,171.0583,-10.78527,151.1535,-76.19586,52.47218,122.9953
0.703497,0.554434,1525,1472,170.5101,0.630962,128.1399,-76.00696,-33.6468,-82.9398
1.126832,1.58961,1883,1696,170.5101,34.58651,114.2781,-77.37814,-41.44034,-59.88332
0.902881,1.873158,1873,1792,166.4787,3.745913,77.96349,-77.37814,-22.99924,-72.53171
3.064114,2.835523,1572,1920,167.6643,-40.71233,55.66593,-78.49185,44.81702,-83.53105
3.461684,3.461684,1614,2112,167.6643,-35.26439,45,-79.96864,35.26439,-135
2.639141,2.846324,1962,2304,170.8153,-49.22617,55.26548,-78.28206,44.60138,-170.464
2.136179,2.564181,2122,2432,167.6718,-26.39484,-123.4266,-78.28206,8.558879,52.01851
1.869817,1.67219,1966,2624,156.3828,5.676664,102.3463,-86.25364,7.837208,-73.07038
1.67478,1.581396,2043,2624,154.3517,6.705795,93.49022,-87.31235,2.13545,-81.50051
1.416648,1.457544,2111,2624,155.5248,-5.041901,96.28111,-89.42103,0.086324,-83.79168
1.386131,1.488418,2101,2577,157.8603,-14.29044,88.33192,-89.42103,13.39827,-82.78037
1.797435,2.06557,1390,2496,169.8106,-53.80325,69.78848,-95.55198,69.24823,-114.5764
1.711999,1.912105,1066,2464,177.7679,-56.1009,54.75039,-96.6413,74.04853,-100.0276
1.612939,1.93931,942,2432,177.219,-56.10825,47.80107,-95.59078,70.97841,-116.9929
1.535963,1.727441,767,2432,177.219,-50.38107,43.53637,-95.59078,69.84161,-97.79134
1.532325,1.644993,511,2432,170.7773,-48.45241,40.13801,-96.36163,69.79115,-88.40681
1.564687,1.561231,411,2368,169.1192,-50.02955,27.05956,-97.0667,80.46021,-77.05803
1.644843,1.590995,356,2336,159.1498,-48.52144,8.935434,-96.38651,84.45889,58.92309
1.814102,1.502531,287,2304,159.1498,-48.03265,-3.765397,-96.38651,80.64413,80.64353
1.95144,1.708422,4095,2176,151.1363,-49.38429,-8.229708,-96.63759,77.71892,70.16891
2.027632,1.729399,3957,2176,142.9217,-52.24036,-9.72425,-96.76503,78.52389,44.71988
1.948527,1.762444,3743,2176,136.6689,-53.04216,-3.8365,-95.58697,77.35735,39.50743
1.757408,1.743559,3519,2208,136.6689,-54.2792,6.228846,-95.58697,82.52467,50.46667
1.539341,1.364645,2833,2304,129.9615,-53.88575,16.8889,-95.0535,88.35445,-147.2005
1.265741,1.32138,2047,2240,126.7195,-54.3871,33.62562,-93.83105,74.16569,-167.344
1.194541,1.063479,1791,2240,122.1349,-62.07835,34.8963,-93.66292,80.0909,-150.222
1.275247,0.781875,1802,2208,122.1349,-63.51092,15.73692,-93.66292,65.01361,-143.1767
1.833191,2.145087,2350,1984,111.5522,0.838905,97.24776,-89.31541,21.26702,-91.15052
2.118528,2.070445,3214,2001,102.6718,-6.912715,108.1396,-88.18143,14.07091,-95.6389
2.281919,2.031483,206,2048,102.6718,-14.18644,115.3922,-86.9669,6.018837,-98.40143
1.815398,1.714051,238,2112,99.0606,-17.24746,119.6209,-86.9669,9.341458,-98.86949
1.372053,1.371,3903,2144,93.40453,-24.19368,123.8318,-86.18532,21.33224,-105.9755
1.153839,1.598799,3583,2112,92.17476,-25.40511,115.8542,-85.08405,31.30639,-104.4632
1.139997,1.785012,3103,2048,92.17476,-19.87335,111.5405,-83.73199,38.0378,-97.09079
1.239966,2.023999,2271,1984,87.35087,-9.931884,113.6716,-83.73199,38.332,-96.52567
1.43159,2.161804,1233,1920,71.9499,-3.300116,125.198,-81.68516,28.70952,-107.3034
1.59637,2.223132,4027,1856,86.69798,-4.297379,135.9362,-79.39843,21.1573,-112.1179
1.644698,2.224459,2446,1856,86.69798,-5.132448,145.5708,-76.93129,16.88538,-115.5502
1.773949,1.996087,2047,1824,91.47532,-6.987894,150.2394,-76.93129,11.90794,-113.896
1.082528,1.337453,3825,1600,131.3042,7.287192,150.1784,-68.48119,7.510946,-118.836
1.007775,1.296512,2527,1536,131.3042,8.254809,146.9612,-67.3028,5.269486,-116.7224
0.961786,1.257103,255,1536,134.5542,9.428884,144.718,-66.03924,-0.253002,-114.6039
0.927098,1.400554,1467,1472,135.5505,10.76975,139.6697,-66.03924,-4.736809,-120.7671
0.970633,1.572016,266,1440,139.0668,14.28421,138.9679,-65.12938,-16.52252,-124.6691
1.058884,1.699672,85,1440,139.0668,14.61156,140.7622,-63.97086,-31.61674,-126.9071
1.101679,1.517983,341,1472,142.8059,12.43837,143.0807,-62.733,-46.73157,-116.9076
0.890361,1.227539,575,1472,147.36,5.72099,148.9314,-62.733,-46.41262,-68.17559
0.985631,1.384788,1742,1472,147.36,7.353286,139.2994,-61.58192,-16.27229,-36.9777
1.184801,1.770484,3470,1280,152.7105,13.72398,128.6636,-60.42548,0.414556,-22.71204
1.297056,1.526044,3918,832,157.3297,17.07395,119.7333,-60.11166,23.16689,-18.16947
1.343697,0.859273,3935,544,161.7585,14.63081,110.3676,-60.11166,32.84964,-29.5371
1.19974,0.3691,420,384,161.7585,7.314423,95.76933,-60.46085,25.41665,-105.8647
0.983847,0.624348,1092,384,166.2232,-2.256372,82.14693,-61.03286,26.65068,-38.43092
0.804772,1.399253,1326,512,171.8414,-24.37578,73.46516,-60.44116,41.04946,-5.846045
0.817093,1.46554,1205,512,176.9098,-31.66644,75.75167,-61.34172,51.15896,10.75584
0.874256,1.350673,667,401,-179.5338,-16.96953,89.29361,-61.34172,73.77222,51.47612
1.034865,1.011418,255,448,-179.5338,-1.084175,104.4688,-62.42802,67.80441,139.3183
0.936736,0.778733,4078,576,-177.2738,9.762925,110.4191,-63.04217,58.69894,150.8069
0.492451,0.816306,3690,736,-177.1102,1.107238,96.47346,-63.28392,65.03782,141.0011
0.414838,0.948085,3502,896,-177.1102,-37.14026,127.5505,-63.28392,61.75678,147.5718
0.529818,1.100988,3647,960,-175.9211,-43.20309,115.4034,-63.55832,55.44601,151.8478
0.549422,0.968643,174,1024,-175.1497,-20.56598,97.89277,-63.54753,64.45393,-175.9889
0.968431,0.580255,974,1344,-177.435,26.88455,90.69598,-63.15408,45.4081,-36.11316
1.091234,1.561306,1435,1472,-179.3772,-22.15426,72.83041,-64.27701,16.5784,-60.09057
3.178494,2.866566,1450,1600,-179.3772,-38.96088,44.08802,-64.27701,44.20375,-76.55282
3.461684,3.440056,1503,1809,-175.5856,-35.26439,45,-63.93228,35.5195,-134.4545
2.348309,2.854443,1770,2048,-176.45,-58.32957,52.58696,-63.46943,44.44089,-168.7166
1.534762,1.695775,1710,2496,171.2934,-13.96066,104.1597,-69.75207,8.391567,-88.53734
1.66216,1.674099,1845,2496,171.9032,0.803262,97.14954,-70.67323,3.141499,-82.702
1.575822,1.481734,1919,2496,171.9032,2.187397,95.07829,-72.73371,2.992256,-87.75555
1.415013,1.319535,1951,2496,170.9635,-7.403332,91.36755,-72.73371,43.22932,-101.295
1.343715,1.388732,1919,2464,175.8006,-20.2741,81.9546,-74.15128,29.38567,-81.28699
1.428263,1.512866,1870,2432,179.2998,-30.9196,81.51733,-75.59467,35.81258,-77.74805
1.620204,1.654766,1791,2432,179.2998,-37.27157,80.28143,-77.61976,45.77621,-85.69884
1.76398,1.738473,1685,2368,-176.5926,-42.547,80.64512,-77.61976,47.88207,-92.89998
1.52682,1.752923,351,2304,-170.5265,-50.41502,46.33116,-82.368,69.16316,-87.49364
1.492264,1.629141,127,2272,-170.5265,-49.04028,41.64304,-83.13997,66.7589,-86.87235
1.53023,1.725399,110,2208,-174.0393,-48.66881,28.23259,-83.78462,79.25184,-68.9812
1.738861,1.750791,4095,2176,-177.605,-48.35259,11.3651,-83.78462,86.09899,-36.48257
1.961766,1.893658,3999,2065,175.4378,-50.20814,-1.322382,-83.96106,81.63096,126.1598
2.109768,1.885749,3829,2048,175.4378,-51.53841,-10.61835,-84.57408,77.67998,132.7207
2.111605,1.783521,3726,1952,173.345,-51.38546,-14.0073,-84.53111,79.5814,107.7736
2.0057,1.836619,3711,1920,164.6245,-51.99136,-13.66425,-84.53111,78.43267,70.16041
1.478764,1.863694,2715,1745,134.3392,-6.454148,145.1785,-65.74745,8.257507,-108.0293
1.461493,1.741249,3189,1696,136.8483,-5.131668,144.2644,-64.48814,8.08168,-107.136
1.401924,1.69346,3918,1664,136.8483,0.019944,140.8274,-64.48814,7.307237,-109.7524
1.337498,1.597862,740,1632,138.9584,4.425798,139.5602,-62.89199,9.000631,-118.568
1.261989,1.488021,1141,1536,141.0563,11.23843,139.2446,-60.5916,9.675948,-114.846
1.203984,1.38518,1060,1472,143.6551,19.18159,136.5215,-59.58834,5.49125,-115.0232
1.135967,1.419931,757,1440,143.6551,22.09268,133.7954,-58.23846,-2.031095,-111.9935
1.119816,1.527197,3807,1408,144.2601,24.58993,130.8753,-58.23846,-7.657323,-113.4872
1.085814,1.60381,3332,1344,145.8872,24.88037,132.0658,-57.5881,-16.82683,-115.7668
1.151771,1.606914,725,1312,147.9275,27.30005,131.8763,-56.48208,-28.90984,-109.4431
1.209079,1.54379,196,1344,147.9275,27.86461,132.1804,-55.58928,-43.83519,-110.2883
1.049067,1.497266,64,1408,151.2248,32.04536,133.9438,-55.58928,-50.01518,-93.78798
0.686825,1.444619,32,1536,155.0472,29.49176,134.9339,-55.21397,-50.46644,-70.60466
0.809535,1.60983,3519,1536,158.7036,21.85372,127.5919,-53.95702,-27.08993,-35.21338
1.157378,1.824513,2751,1440,158.7036,17.99013,123.6099,-52.13888,-9.386238,-22.50665
1.344448,1.394397,309,1152,164.3163,16.57122,120.8544,-52.13888,6.894434,-12.89905
1.326207,0.631588,1060,640,169.451,11.02578,113.8335,-51.82636,21.71596,-33.81397
1.168778,0.320226,1343,256,174.0615,-3.545814,105.4112,-51.89899,38.50061,-86.13397
1.014176,0.640439,1230,64,174.0615,-17.60306,97.23936,-52.11859,51.55618,-33.61703
0.890456,1.235167,388,192,179.5947,-21.14165,80.36403,-52.11859,65.35387,7.273143
0.916762,1.387735,3519,320,-177.486,-15.71259,79.28425,-51.47368,73.4654,108.4685
0.937841,1.563093,2884,384,-173.428,-6.367102,100.0104,-52.29031,64.00954,143.8128
0.774674,1.482768,2715,448,-173.428,-2.093862,78.22435,-53.87323,70.55363,128.6742
0.625745,1.614253,2581,576,-172.4518,-10.41825,86.7726,-53.87323,71.25826,121.574
0.589722,1.614904,2591,640,-170.996,-38.46058,89.76537,-54.07094,70.23376,130.8331
0.593249,1.490682,3025,721,-169.4549,-48.84893,73.68321,-54.61174,70.16758,146.0934
0.515132,1.304863,3611,896,-169.4549,-2.43646,90.34634,-55.02408,69.81178,135.1207
0.837002,0.834655,443,1216,-171.7778,-3.605982,119.7438,-55.02408,70.1019,25.13433
