0.952934,2.006095,3722,657,145.9816,-43.29617,74.04699,-91.37123,85.04694,-15.58784
1.102641,2.025369,959,832,149.5879,-41.65012,44.61305,-90.03243,80.67499,-112.3176
1.452735,2.07503,1312,896,149.5879,-54.91881,21.15622,-90.03243,74.40132,-122.4131
1.644816,2.094656,1361,960,152.274,-61.59992,12.80308,-89.77142,72.58157,-121.5794
0.92793,0.923,2485,1536,82.76727,-39.16884,77.36369,-112.0796,11.03411,-97.36188
0.929036,0.935748,2709,1088,82.01142,-39.67803,77.34501,-112.7767,11.11784,-98.85092
0.935771,0.95653,2879,977,80.77869,-40.3829,77.00317,-113.8923,15.20628,-100.7753
0.976988,0.998344,2965,512,80.77869,-40.29477,79.38639,-113.8923,14.87714,-100.6343
1.045874,1.021063,4042,1664,73.97259,-44.17099,74.93203,-120.0973,22.14243,-97.82175
1.016709,0.99182,53,960,73.97259,-42.68535,75.80724,-120.6511,18.03553,-95.84703
0.997374,0.987412,164,1024,74.3194,-40.14273,76.78651,-120.6511,14.97975,-96.11603
1.031214,1.006876,255,1425,72.26471,-37.95767,77.3192,-121.5713,12.68286,-94.15939
1.044738,1.071236,351,1664,70.16525,-39.21867,74.72367,-122.2115,12.89147,-93.53667
1.081097,1.11397,405,1664,70.16525,-42.01332,72.97692,-123.1034,15.06659,-93.11423
1.142577,1.102898,458,1184,68.76018,-44.91074,71.83276,-123.1034,21.16167,-97.36357
1.189516,1.158977,458,1728,66.27706,-47.61713,74.35876,-124.2695,29.7711,-98.70496
1.295564,1.348035,341,1920,62.91025,-49.31724,71.29939,-124.3986,29.5893,-97.1143
1.501292,1.486325,255,1920,62.91025,-51.68724,71.0853,-124.9308,31.06473,-96.50905
1.621259,1.60226,206,1952,58.61908,-52.1657,68.69199,-124.9308,32.54136,-99.9762
1.76438,1.699318,4064,1952,56.77163,-54.64116,69.30213,-125.2882,37.2989,-101.6608
1.760773,1.61294,3669,1856,46.70803,-59.89717,42.58703,-121.9497,54.50542,-110.8325
1.508465,1.524407,3665,1792,45.67253,-46.59521,50.703,-121.9497,41.39276,-96.58218
1.379548,1.501379,3519,1664,41.94453,-31.58149,58.17683,-120.3375,22.80295,-88.56551
1.436507,1.67844,3524,1536,41.94453,-16.58284,72.0973,-119.7785,6.69949,-83.74802
0.421211,1.027778,78,1792,21.41139,8.243045,116.0026,-113.9817,-11.30534,-109.0293
0.40776,0.993342,31,1792,24.13348,4.753962,113.8446,-113.0088,-11.46206,-110.672
0.526888,0.953888,21,1792,27.47104,5.507536,123.9137,-111.6952,-10.53463,-111.5018
0.686265,0.962073,17,1792,27.47104,6.815007,133.5818,-111.6952,-10.821,-113.5963
0.959863,0.785057,388,832,83.71392,-24.67865,111.6236,-94.06651,-15.12473,-100.059
1.060937,0.797281,1066,544,83.71392,-29.98781,107.7,-92.68071,-5.571699,-100.466
1.129469,0.785308,1087,512,92.06035,-24.62788,102.9571,-92.68071,3.397751,-108.2192
1.267434,0.778474,3744,448,100.9658,-25.87641,104.9097,-91.83037,13.85949,-119.7804
1.371263,0.870728,2820,320,112.3711,-24.94844,106.2281,-90.6095,21.79571,-123.0126
1.32594,0.948207,693,3968,112.3711,-33.42007,101.6642,-88.74024,36.66455,-122.9177
1.203245,1.081994,191,0,130.4431,-43.24817,93.15594,-88.74024,53.63327,-117.0742
1.130478,1.03009,63,0,142.0203,-52.40991,73.96341,-86.62389,59.19991,-109.1956
1.167845,1.217335,32,192,142.0203,-54.6847,62.68247,-85.26299,68.31512,-96.53326
1.176999,1.413051,767,512,151.6033,-53.19425,72.01646,-84.08284,78.55305,-85.98364
1.090418,1.690779,2555,416,160.1613,-43.461,73.03006,-84.08284,82.74867,-77.98988
1.082757,1.805004,561,192,164.435,-40.64967,66.25394,-83.34045,80.46007,-96.86272
1.173582,1.862956,1947,384,164.435,-43.40857,51.62381,-81.60424,76.37656,-119.1235
1.271396,1.99714,2463,384,166.2734,-49.45428,36.88427,-81.39544,74.54419,-110.8258
1.384791,2.070276,2190,288,170.7443,-55.76424,27.19502,-81.39544,74.87978,-106.6193
1.373439,2.064554,1422,416,174.0271,-56.81357,30.48935,-80.50018,75.47903,-107.0769
1.116209,1.995823,1663,576,174.0271,-49.54681,49.97816,-80.5407,76.59488,-101.7988
1.005328,1.654116,2065,64,175.8073,-39.98799,70.2305,-80.39742,72.42552,-100.8269
0.96579,1.211435,3167,128,172.7619,-31.63796,88.88203,-80.39742,59.32086,-106.7897
0.974883,1.012946,3972,64,172.7619,-26.09212,95.36899,-80.23246,39.17651,-113.3108
1.862518,2.449669,2591,1600,167.1443,-49.40032,57.45605,-82.81858,54.67316,-149.06
1.498494,2.14423,3263,1696,169.6464,-60.53933,84.05678,-82.81858,68.76213,-132.1989
1.226355,1.274169,3658,1728,169.6464,-48.7711,115.0778,-81.0439,58.06194,-58.7339
0.938918,0.757824,3812,1792,170.1397,-35.06573,111.7186,-79.79425,4.579927,-60.40433
1.051063,1.090665,3103,1632,146.3327,-25.5076,82.44358,-88.03134,0.256361,-94.4363
1.037431,1.075811,3003,896,146.4399,-29.79197,77.58151,-88.82007,10.3251,-87.99184
1.015975,1.038235,3163,1280,146.9315,-33.22119,76.79857,-89.43286,20.06354,-92.15797
0.999695,1.075706,3242,1536,146.9315,-37.35183,79.22742,-89.43286,26.15024,-96.329
0.947853,0.897609,3402,1568,138.61,-42.33167,84.18915,-94.74718,22.27619,-110.5644
0.94513,0.912245,3419,1600,138.61,-39.82014,78.27649,-96.17303,20.02098,-113.741
0.959352,0.945207,3374,1600,135.2417,-38.56828,70.27565,-96.17303,21.8541,-100.6263
0.959469,0.95148,3157,1568,133.8014,-37.30643,67.46891,-96.8754,24.3451,-93.66335
0.955406,0.93398,2773,1440,128.804,-40.31306,72.2599,-100.7378,17.2563,-99.8366
0.955265,0.932836,2655,1408,128.804,-41.26262,73.53712,-101.8195,15.24466,-99.91305
0.970142,0.947569,2446,1408,127.49,-42.35571,71.72692,-101.8195,16.39281,-104.5426
0.975621,0.987979,2442,1408,123.7501,-41.92322,71.75842,-101.5395,12.26626,-103.2074
1.053473,1.013492,3982,1056,108.2256,-46.56147,73.86968,-108.0998,25.55435,-98.30849
1.049298,0.985816,4031,896,104.5883,-47.38496,73.95527,-108.7113,24.71517,-98.84379
1.042367,0.98993,4095,768,104.5883,-46.7579,75.62189,-109.5876,21.79356,-97.99567
1.033519,0.977012,123,768,105.4201,-43.91756,77.10813,-110.0732,15.98597,-97.54227
1.009582,0.982684,127,640,102.6814,-39.09103,77.17221,-110.0732,12.15505,-95.18422
0.989246,0.997222,170,832,102.6814,-33.42868,75.07867,-111.4977,7.49353,-90.34289
1.019859,1.068123,255,1024,100.6921,-31.93649,71.81918,-112.1201,8.631785,-89.15601
1.078109,1.107628,337,1344,99.85235,-34.72997,69.64247,-112.652,10.00937,-87.32673
1.13691,1.139858,341,1216,97.94662,-40.64841,65.08591,-112.652,17.31668,-89.32551
1.159864,1.148229,334,768,97.94662,-43.98178,65.42989,-113.7799,23.45082,-92.10403
1.206508,1.220643,277,736,95.1654,-46.61777,67.45378,-114.5595,27.88533,-96.67861
1.289638,1.27402,159,1280,93.64077,-49.12503,71.61351,-114.882,35.05202,-99.06566
1.38269,1.341827,31,1536,89.08175,-50.37915,77.81084,-114.882,40.34255,-104.4581
1.468328,1.408553,14,1600,89.08175,-55.75084,72.00107,-114.546,41.17751,-101.3183
1.619478,1.518962,4063,1568,85.86309,-58.18504,65.72036,-113.916,38.55222,-100.7791
1.786629,1.590442,4014,1664,81.91684,-61.26442,64.16649,-113.26,37.89402,-101.9691
1.745741,1.478284,3701,1600,77.78938,-53.41477,44.59147,-110.7764,47.66718,-99.8825
1.514934,1.512606,3647,1472,76.0429,-37.80427,49.94282,-110.364,36.0194,-90.19711
1.472201,1.691132,3470,1344,72.1524,-22.79878,65.1754,-109.628,17.15446,-87.60497
1.615185,1.866366,3470,1280,72.1524,-18.84779,83.21162,-109.628,1.264139,-92.52576
1.540544,1.815163,3445,640,46.16699,-8.069216,125.7273,-111.0797,-11.39677,-110.8326
1.446046,1.53304,3460,768,41.7209,-7.823835,127.4515,-111.0134,-4.520997,-113.5496
1.334866,1.411831,3349,1248,41.7209,-6.209598,126.2051,-111.0134,1.569689,-114.1267
1.38377,1.419958,3044,1472,33.0729,-7.966567,132.6604,-110.9083,6.873856,-116.055
0.57754,0.851803,10,1152,100.8979,1.258836,101.4559,-93.9334,-40.24211,-95.49664
0.663466,0.854922,10,1105,100.8979,-13.8412,115.5993,-93.50771,-37.5471,-95.09593
0.852232,0.799021,10,1024,107.1274,-14.33882,124.209,-92.37103,-40.29939,-89.81074
0.961739,0.790391,10,896,112.483,-16.92935,117.6948,-92.37103,-36.64727,-92.08928
1.102337,0.773576,10,768,125.162,-20.50462,109.9744,-91.8614,-25.45716,-95.47758
1.30088,0.799418,10,576,125.162,-23.457,103.3735,-91.35971,-10.58345,-104.6403
1.42079,0.913846,10,416,143.9332,-29.63193,101.0086,-90.40183,-1.610344,-113.8537
1.470959,0.932206,10,416,162.3148,-35.25196,101.6991,-89.61516,15.60526,-108.9261
1.465213,1.133271,10,3968,174.7469,-46.61305,95.52988,-89.61516,45.28953,-92.94275
1.35505,1.246847,10,96,174.7469,-53.68327,80.27205,-88.5311,61.65239,-79.0293
1.257075,1.430529,10,4032,177.3043,-58.27709,64.66942,-86.7632,78.26335,-98.32883
1.168112,1.872665,283,4032,176.0535,-56.48702,62.29825,-86.7632,81.5099,171.8824
1.005117,2.03053,2961,3840,176.0535,-51.19772,72.60394,-85.79338,79.8263,155.4706
0.936045,2.010956,2303,224,178.7613,-46.3328,66.05014,-84.96481,83.64635,151.9599
1.230736,2.020948,3530,384,178.1691,-49.92622,36.43407,-83.22977,81.47218,-149.4523
1.609228,2.077184,42,320,179.3236,-55.33892,19.58832,-82.21479,74.18988,-129.1469
1.586493,2.086991,3903,3968,179.3236,-55.74604,21.48234,-82.21479,73.26538,-117.3506
1.287724,2.002125,4081,160,-178.9252,-52.11436,39.06706,-81.59829,73.51777,-112.4561
0.964746,1.599687,17,320,177.4563,-38.13807,74.92142,-81.44641,73.0337,-117.3352
0.940896,1.21128,142,384,174.8168,-24.817,92.06717,-80.6966,66.92984,-103.7237
0.953558,0.985281,341,384,174.8168,-22.7178,100.7559,-80.6966,46.99514,-120.4009
1.00662,0.768677,383,512,169.2185,-23.96597,102.2131,-81.64986,30.10176,-116.0057
1.158051,0.723844,772,640,165.1442,-14.62995,102.5647,-82.98251,26.65273,-106.8886
0.994187,1.090128,1429,768,159.7169,-7.310925,106.3991,-84.32527,-30.99543,-93.76904
0.955863,0.959598,1653,1280,115.1697,-39.8455,74.94495,-108.9569,15.67788,-103.2444
0.950764,0.948295,1738,1120,115.9262,-37.94926,74.21213,-109.3295,15.9693,-100.2363
0.972515,0.94441,1717,1088,114.3669,-36.43216,74.06319,-109.3295,15.11853,-99.24805
0.971118,0.9596,1902,768,114.3669,-36.84301,75.32786,-109.0651,13.07201,-95.61386
0.969204,0.960133,2250,896,110.4911,-38.41767,74.604,-109.5048,10.3802,-96.39332
0.966861,0.957315,2463,1216,108.8631,-39.91369,75.65056,-110.3423,11.30329,-96.54453
0.967135,0.969559,2655,1024,110.3747,-39.44471,78.02193,-110.3423,12.43289,-96.68913
0.981097,0.98119,2730,465,110.3747,-37.88694,79.67537,-111.898,9.872905,-98.7841
0.987616,0.990337,3039,512,106.6043,-36.08973,78.93055,-113.0228,14.06326,-99.42165
1.004219,1.009196,3263,960,103.2082,-37.52721,78.8622,-113.6986,14.55604,-99.5982
1.025964,1.039639,3310,896,103.2082,-40.49052,78.33604,-113.6986,15.61301,-100.6055
1.04037,1.033413,3236,1280,102.3736,-42.78154,77.58588,-114.2059,17.22958,-100.6162
1.027692,1.021569,21,529,98.33189,-40.78903,73.15189,-116.6683,20.68662,-94.26071
1.026982,1.017894,110,785,98.33189,-39.50498,73.05488,-116.6683,18.17157,-92.7729
1.024919,1.030614,238,1280,95.45824,-39.4057,72.9985,-117.1756,16.93011,-94.85873
1.023054,1.019594,277,1312,95.36892,-39.15153,73.79319,-117.8301,14.78693,-91.92191
1.034861,1.053734,324,913,93.59587,-40.341,72.67346,-118.1097,15.15483,-92.70539
1.043413,1.064206,362,1216,93.59587,-41.7635,69.97009,-118.4048,18.32798,-93.61777
1.058491,1.062064,388,1280,92.3188,-45.03299,68.44153,-118.4048,22.45064,-95.28082
1.0865,1.097943,356,1184,93.75521,-45.62387,67.96712,-118.7234,27.12366,-95.64227
1.145643,1.136838,287,1056,89.09118,-46.00464,68.30217,-119.5877,31.36078,-97.7136
1.22568,1.227528,155,1024,89.09118,-48.11051,69.70238,-119.434,35.57445,-97.69989
1.358629,1.315345,4095,1152,89.20617,-49.86088,70.15156,-119.434,40.09214,-101.6001
1.498277,1.430768,3967,960,80.91582,-55.15098,63.7161,-118.8636,40.66745,-98.61835
0.595532,1.130715,565,1280,28.63931,-4.088137,138.0552,-106.0997,-7.894649,-111.7713
0.636666,1.053104,138,1344,27.7951,-7.542518,145.7048,-105.2476,-7.682798,-112.9308
0.717778,1.027461,49,1216,31.08637,-5.779865,148.5855,-105.2476,-6.747409,-114.2084
0.801032,1.019918,27,1312,31.08637,-1.763,147.0085,-104.1336,-11.19095,-113.3123
0.889606,1.009472,17,1440,33.11736,3.384624,144.1416,-104.0314,-9.990669,-113.1183
0.882714,0.984368,14,1472,41.11528,6.053339,142.5105,-102.8706,-10.35644,-113.7133
0.848765,0.974878,14,1472,46.00281,7.790144,141.361,-101.9484,-11.31267,-114.2884
0.788516,0.963001,14,1472,46.00281,9.943019,139.5295,-101.9484,-11.86542,-115.7706
0.743753,0.932754,14,1152,54.44882,11.03605,137.9975,-100.9885,-14.29662,-114.2126
0.732903,0.903651,14,1280,67.9155,13.00126,136.7722,-100.2244,-17.53391,-114.1536
0.692837,0.89343,14,1312,76.20007,15.10624,136.9031,-100.2244,-22.06485,-113.8665
0.598293,0.903845,14,1280,76.20007,18.29592,131.8006,-98.09568,-25.04273,-114.6693
0.478004,0.929577,14,1216,86.85566,20.7479,125.3623,-97.13435,-30.91823,-113.137
0.553152,0.94175,14,1169,94.34071,18.40447,118.1853,-95.60703,-34.20566,-111.8597
0.561126,0.877367,10,1152,94.34071,14.02962,103.5769,-95.60703,-33.93321,-106.6689
0.528218,0.810309,10,1152,99.38814,-1.561725,99.10649,-95.18783,-30.33487,-96.51569
0.609186,0.796291,10,1088,106.718,-14.07695,119.1609,-93.7731,-30.20816,-94.0563
0.831349,0.750691,10,1024,113.1489,-11.91595,126.4308,-92.27357,-32.15165,-95.21484
0.943212,0.803138,10,960,113.1489,-11.93624,116.2161,-92.27357,-34.12376,-98.41483
1.032536,0.864609,10,896,124.1837,-13.86758,112.0448,-92.41443,-29.99554,-98.52153
1.104755,0.841265,10,768,133.3919,-15.49053,105.4521,-91.32903,-20.59855,-100.0103
1.229534,0.817021,10,704,145.2142,-19.31221,103.1143,-90.21056,-10.29201,-98.4566
1.357699,0.850253,10,640,145.2142,-22.18126,105.5582,-90.21056,0.892035,-107.9968
1.413182,0.943877,10,544,156.9168,-29.3951,104.5271,-89.69179,4.332771,-110.3518
1.381215,0.929031,10,128,161.1494,-39.41925,92.12958,-88.93723,19.00634,-111.5406
1.377957,1.018041,10,128,161.1494,-47.79857,77.6133,-88.04735,42.10053,-103.0924
1.345888,1.298262,10,64,167.0954,-51.16642,72.11902,-88.04735,56.50694,-98.90973
1.283788,1.34471,10,0,169.8198,-53.41437,69.85026,-86.82769,70.25249,-104.1277
1.181509,1.430566,100,64,172.2914,-46.55687,64.20836,-85.82941,76.37574,-128.6209
1.024356,1.626724,1834,3904,172.2914,-35.36775,63.48173,-84.3969,81.78548,-104.2514
0.914843,2.001258,1019,128,174.0252,-40.71111,56.5937,-84.3969,87.04906,-10.05907
1.141601,1.998835,2916,320,177.2155,-47.24242,39.61908,-83.15385,89.12904,-118.6747
1.440042,2.012542,3669,320,177.4885,-52.09563,21.72365,-82.09017,83.25289,-122.0336
1.549654,2.052998,78,4064,177.4885,-58.03428,11.24644,-81.94584,76.78151,-105.0475
1.386408,2.027364,366,128,176.7635,-60.74951,24.00544,-81.94584,80.33769,-98.3596
1.022808,1.959987,309,64,177.2256,-52.65507,62.74467,-80.70906,77.35826,-127.4712
0.949541,1.415052,330,160,177.2256,-29.06456,90.98965,-80.64871,67.94455,-128.1513
0.982583,1.043536,693,256,176.434,-22.22216,98.01056,-80.64871,49.62201,-117.4807
1.070286,0.873511,1198,384,173.2476,-29.88002,102.4777,-80.46271,22.96866,-105.2547
1.027287,0.960107,1631,384,173.2476,-22.84038,99.57642,-81.44718,0.469599,-99.99617
1.095558,0.866811,2303,593,170.4364,-10.01388,106.648,-83.00678,-9.63768,-91.86936
1.074991,0.679662,3007,785,166.4456,-27.1841,120.1388,-83.00678,6.198296,-89.281
1.219474,1.733721,3455,960,161.6402,-48.57073,115.8755,-83.81136,-27.92888,-85.89634
1.639703,2.103146,3374,1120,161.6402,-46.80948,78.43293,-85.4464,-12.11158,-107.8534
0.972891,1.02337,3054,1344,136.241,-44.47066,67.67134,-102.2443,33.25624,-108.1366
0.970336,0.972726,2826,1408,134.3719,-41.64255,63.98461,-103.504,25.59929,-97.76894
0.972778,0.9576,2692,1408,134.3719,-38.48919,63.2153,-103.504,29.50737,-95.68347
0.964244,0.976321,2574,1440,132.7823,-37.91297,63.63631,-104.5541,26.8866,-95.55962
0.946601,0.95645,2532,1088,118.5043,-36.37384,76.63108,-108.7365,14.67054,-99.15742
0.963844,0.951011,2766,640,118.1231,-34.73516,79.60912,-109.4847,12.66806,-99.70817
0.958885,0.949391,2830,448,115.9845,-32.07729,81.09424,-110.0458,12.64098,-99.39099
0.967649,0.940398,2965,320,115.9845,-30.7597,81.9454,-110.6242,11.76741,-98.48928
0.976781,0.948339,3103,896,115.2406,-29.66835,81.78953,-110.6242,9.462933,-97.72007
0.977062,0.958667,3231,1024,113.4779,-29.62605,81.02545,-112.0259,7.969724,-96.84877
0.994296,0.972966,3359,800,113.4779,-30.83986,80.6945,-112.375,6.100219,-95.02435
1.003431,1.004913,3524,960,110.2816,-33.04095,79.97686,-113.467,7.670922,-94.13762
1.023574,1.015657,31,1408,103.0191,-38.33555,75.55622,-115.992,15.56233,-93.60307
1.030222,1.051287,149,640,100.906,-36.41187,72.71689,-116.9566,16.4869,-93.31292
1.053475,1.089384,191,800,100.906,-36.18024,69.73596,-117.6575,17.27062,-92.01627
1.074706,1.11889,213,1216,98.39164,-37.86887,67.20711,-118.2696,19.0571,-89.74553
1.096823,1.127546,270,1024,95.17016,-39.5945,64.54092,-118.2696,22.03557,-88.3512
1.12171,1.130146,270,1216,95.17016,-41.48456,63.24708,-119.1959,24.4218,-89.65356
1.144623,1.140524,270,1344,91.87609,-43.69604,63.75225,-119.7707,28.05289,-92.55999
1.168054,1.17353,270,896,90.68385,-44.43164,65.5661,-120.576,31.33274,-95.98363
1.23461,1.232853,238,800,86.81893,-47.36135,70.70995,-120.8263,32.77874,-97.88119
1.311234,1.27726,149,544,82.94241,-48.35825,71.28471,-120.8263,37.6427,-102.1761
1.371046,1.3665,106,512,82.94241,-49.90198,71.23088,-120.9115,40.29277,-101.1902
1.499856,1.508482,42,1024,78.54907,-53.63702,68.64307,-120.7277,41.62052,-98.511
1.353777,1.400846,1845,1280,9.446989,-7.2793,135.4049,-119.3556,-2.450789,-112.0866
1.229288,1.410724,1358,1344,5.900168,-11.32679,138.1981,-118.889,5.971628,-118.681
1.049482,1.388468,1034,1312,5.900168,-10.52272,136.3678,-118.889,5.058577,-119.8759
0.97244,1.319206,1023,1088,10.17375,-2.182143,130.5295,-117.992,2.591952,-114.1068
0.504215,0.823542,14,896,64.08126,-6.139315,120.7904,-106.5337,-23.66954,-112.7617
0.56235,0.761502,10,416,69.25424,-11.44328,121.0986,-105.2101,-20.4076,-108.4458
0.688268,0.697865,10,896,69.25424,-16.82032,127.1808,-104.2447,-15.06743,-102.6486
0.701157,0.699087,10,896,77.11225,-23.31875,123.4612,-103.8219,-14.22408,-96.96956
0.753454,0.727853,10,864,79.94597,-25.91937,116.6389,-103.0929,-19.1083,-97.69673
0.909859,0.760963,10,704,87.53179,-26.16415,111.2634,-103.0929,-20.18274,-94.29062
1.040524,0.789002,10,544,93.64812,-23.60711,112.828,-102.0654,-16.16035,-95.83496
1.156098,0.863963,10,544,93.64812,-24.44539,108.0537,-101.1657,-11.53009,-96.25082
1.147223,0.812812,10,352,102.1302,-25.01292,105.0694,-100.8854,-0.236497,-91.51807
1.203117,0.813954,10,160,107.7432,-29.71992,103.233,-100.8854,7.133415,-93.53774
1.215629,0.783038,10,3968,115.8297,-35.07224,101.9748,170.08,31.19608,-93.74917
1.240747,0.95248,10,32,115.8297,-42.85793,93.32968,-99.90401,45.86239,-87.99728
1.211174,1.16963,10,192,124.5854,-45.13148,75.41216,-98.71379,61.67791,-88.34328
1.208724,1.243811,10,3968,129.4291,-49.01464,62.74289,-98.71379,65.53778,-78.19767
1.212409,1.282269,607,223,129.4291,-50.57954,62.81573,-98.00233,67.03661,-73.98935
1.170619,1.343558,2692,288,134.0423,-50.08949,67.13564,-97.14537,70.7494,-75.11026
1.101565,1.3086,1454,352,136.9042,-48.10901,71.83553,-96.43867,69.54637,-73.158
1.025419,1.332475,2939,384,141.2258,-49.47617,68.34859,-96.43867,76.29579,-83.33091
0.999523,1.454982,3675,384,141.2258,-53.61367,60.40207,-94.63943,80.12811,-102.5273
1.048207,1.562766,3711,192,143.9853,-55.42617,42.58119,-94.31664,74.27273,-130.936
1.173929,1.68052,415,288,146.1101,-54.92035,31.6523,-93.49829,70.87534,-115.1086
1.161582,1.778263,718,320,148.1925,-56.95451,38.01436,-93.49829,71.64057,-96.39669
1.115841,1.835817,490,192,148.1925,-58.3391,53.45712,-93.45066,74.1004,-88.28324
1.026218,1.738074,373,64,149.1427,-53.75567,72.71092,-93.08151,76.65813,-90.27013
0.893981,1.447667,597,17,148.9397,-46.11701,89.21039,-92.6826,74.32827,-114.8101
0.862267,1.231868,654,32,148.9397,-40.65325,98.43989,-92.6826,67.47524,-119.8625
0.902751,1.105613,703,192,147.831,-36.42826,105.7392,-92.39761,55.38787,-126.9456
0.951398,1.044962,878,256,146.1066,-29.27159,101.7518,-92.39534,43.28426,-135.8057
1.974693,2.039612,3647,832,138.1879,-52.79039,66.15192,-95.83653,-3.204355,-101.0595
2.346208,2.301942,3918,960,138.1879,-45.46952,57.92144,-95.83653,15.40594,-115.7649
2.055555,2.065147,138,1088,136.6202,-42.86363,60.95374,-98.1843,35.1937,-121.688
1.321548,1.548229,533,512,134.9614,-35.37741,94.28875,-97.86364,63.80442,-130.1015
1.1165,0.674753,821,704,134.9614,-16.89737,133.9427,-97.86364,51.09542,-36.32389
0.835681,0.726323,917,896,133.0792,-8.762509,151.4645,-97.25382,-46.80152,-34.02736
0.443375,0.951948,703,1024,131.7738,4.584805,95.56816,-97.61156,-48.90621,-96.86451
1.22249,1.434941,405,960,128.755,3.484354,68.87941,-98.74306,-7.341695,-101.0658
1.696655,1.767528,191,896,128.755,-13.50412,75.50337,-98.74306,6.435998,-89.01495
1.483664,1.505642,123,1088,128.774,-25.2001,83.27283,-98.43489,9.117021,-84.43585
1.125081,0.996724,53,1169,126.6327,-29.97857,91.34139,-98.56396,14.56831,-87.92355
0.875973,0.827759,36,1280,126.6327,-32.75707,98.81181,-99.51109,25.37862,-96.72158
0.87098,0.895516,149,1120,125.0521,-31.34754,96.19076,-99.51109,19.08863,-91.86705
0.962406,1.041358,334,1408,122.7078,-29.93472,89.56836,-99.86001,8.811245,-97.62001
1.066676,1.126687,430,1472,122.0025,-25.22033,91.38367,-100.8676,4.30349,-103.1942
1.09651,1.084627,405,1472,122.0025,-21.86336,93.6946,-102.1005,6.610801,-99.81537
0.984459,0.979817,2965,896,115.3781,-25.66975,84.18398,-106.6819,10.55017,-89.86575
0.965776,1.042486,3012,832,115.3781,-29.63212,85.27335,-107.2081,12.97799,-99.78755
0.968914,0.989905,2943,768,113.9601,-32.69963,83.94904,-107.9704,20.07784,-98.50809
0.97148,1.060816,2783,768,114.5282,-36.4325,79.48198,-107.9704,16.53385,-100.5415
0.979412,1.047851,2869,832,113.1299,-39.93687,76.70538,-109.7871,31.39671,-95.38476
0.996274,1.000894,2912,704,113.1299,-38.22648,72.09745,-111.012,30.46863,-97.78232
1.00645,0.994598,2958,512,112.2785,-34.55803,68.34579,-112.735,24.31661,-98.31989
0.999809,0.987442,3029,529,111.6993,-33.55696,66.08479,-112.735,27.25053,-92.61269
0.972748,0.993356,2495,704,104.0719,-38.90493,69.34669,-122.1929,20.96287,-97.25353
0.985714,1.002234,2606,320,104.4441,-37.12943,72.33716,-122.6754,19.99847,-96.88566
0.991764,0.997155,2783,512,103.0944,-37.36465,74.39994,-122.6754,18.81107,-96.341
0.990158,0.990365,2986,768,103.0944,-38.41562,74.98472,-123.199,18.77338,-97.81435
1.000222,0.991191,3396,928,97.13387,-35.05128,79.18815,-124.8204,12.88336,-99.90237
1.015776,1.013525,3502,960,98.54556,-33.86433,77.62625,-126.0863,12.48171,-97.78346
1.035716,1.029882,3598,928,98.54556,-33.65671,76.72188,-126.0863,13.82364,-95.38301
1.06004,1.062999,3722,640,95.65176,-33.02526,76.74777,-126.173,14.77806,-92.7758
1.068724,1.073115,3908,896,94.17479,-34.75245,76.2273,-126.4253,13.76213,-91.38835
1.078517,1.083514,4053,1056,91.14809,-35.59887,77.41673,-127.4626,12.63049,-91.3323
1.086587,1.070268,63,576,91.14809,-36.17848,79.20899,-127.4626,12.90333,-93.73474
1.091946,1.087277,85,416,91.5071,-36.71221,79.90621,-128.1014,15.41558,-97.52413
1.102057,1.075331,170,576,89.50983,-41.03068,82.12199,-128.9185,18.10436,-101.4702
1.090965,1.065014,287,896,89.50983,-45.55372,82.41533,-128.9846,21.49001,-105.9381
1.068212,1.046316,337,1056,85.56155,-47.41793,82.5811,-128.9846,25.2359,-109.6951
1.0478,1.041768,398,785,85.20108,-49.98242,81.50309,-130.17,28.92079,-112.5146
1.065323,1.051602,458,960,81.84558,-51.13927,78.82851,-130.4726,32.93568,-111.9485
1.097254,1.095367,420,1056,81.84558,-50.47593,77.31376,-130.4726,34.74869,-109.7097
1.12426,1.145936,388,1216,79.75871,-49.94402,76.58356,-130.6852,34.84336,-106.7719
1.213807,1.211565,415,1280,74.96914,-52.24757,72.0826,-130.8636,36.49927,-104.9319
0.921389,0.950686,14,1280,12.57647,0.500713,145.6292,-109.3216,-11.28192,-116.1878
0.817818,0.906138,14,1376,51.00784,1.641293,141.1305,-108.2231,-10.42917,-114.3949
0.740926,0.87382,14,1312,74.92551,3.299094,136.7543,-108.2231,-11.88831,-113.9173
0.662716,0.880197,14,1312,74.92551,2.416125,133.9399,-106.9776,-14.54984,-110.7356
0.576795,0.848189,14,1280,91.77997,3.704883,129.1548,-106.4256,-20.72215,-108.3486
0.498884,0.808849,14,1216,97.64998,1.56247,119.6632,-105.1467,-22.84507,-103.661
0.487971,0.756674,10,896,103.5288,0.35096,111.417,-105.1467,-24.29175,-97.82336
0.560219,0.74401,10,896,103.5288,-1.641006,111.215,-103.8892,-23.54355,-94.82237
0.582842,0.760632,10,960,108.1304,-4.977397,113.5946,-103.1808,-25.95288,-91.30323
0.606252,0.847627,10,465,113.9164,-11.17997,106.5298,-102.4409,-27.99275,-87.48225
0.640013,0.873446,10,736,113.9164,-19.27245,108.1733,-102.4409,-30.11838,-87.8623
0.775777,0.933161,10,736,118.9883,-19.41763,114.1909,-101.789,-31.98869,-88.80762
0.85651,0.856774,10,608,123.6187,-16.9222,103.0359,-101.0537,-28.19906,-82.23712
1.00262,0.812145,10,576,128.0724,-24.10199,106.3598,-101.1027,-19.50796,-86.96706
1.13943,0.731132,10,512,128.0724,-24.01172,112.0116,-101.1027,-13.10693,-92.85775
1.160787,0.689932,10,512,132.182,-24.78051,106.272,-100.5681,-3.040895,-98.68253
1.252646,0.756216,10,288,136.3415,-29.85967,101.5573,-100.7656,19.98025,-103.5818
1.360405,0.896364,21,384,140.3636,-34.02179,100.9938,-99.5778,44.2028,-110.7782
1.284192,0.966582,63,192,140.3636,-44.91063,92.69103,-99.5778,54.79276,-88.64518
1.212824,1.152117,31,0,142.7658,-49.96518,75.97245,-99.32179,55.88536,-54.14919
1.228102,1.578851,3611,352,144.395,-52.55875,58.71512,-98.03343,64.58015,-35.2679
1.22353,1.678992,618,416,144.395,-50.06575,55.42249,-97.24319,72.05183,-43.6911
1.151521,1.71074,1077,288,147.0751,-47.75727,58.42533,-97.24319,77.3952,-73.99931
1.039372,1.814824,991,672,149.8551,-45.55283,52.35118,-97.05308,80.33577,-121.5323
1.193546,1.960537,863,640,151.7903,-53.30587,26.21659,-96.64055,75.97598,-150.4595
1.599954,2.045968,529,384,151.7903,-54.13586,7.328044,-95.76196,77.64748,-136.6546
1.584361,2.07417,3908,448,154.1641,-57.87341,17.5416,-95.76196,74.48662,-108.1501
1.273091,2.051691,3697,401,155.1658,-58.44281,46.25754,-94.34921,76.93776,-119.3335
0.987626,1.803205,543,320,154.7215,-41.02356,78.94121,-93.73898,74.51726,-131.9489
1.050913,1.330866,1557,320,154.7215,-27.62363,93.66975,-92.60629,60.18174,-129.9969
1.079301,0.937234,2431,320,153.3624,-23.20283,102.2842,-92.60629,30.47808,-111.4302
1.063778,0.676327,3099,544,152.7944,-13.89548,104.6938,-92.13144,16.8346,-106.9904
1.081221,0.74792,4074,785,152.7944,2.858713,104.5386,-92.00553,-14.68878,-66.51723
1.097656,1.44884,539,928,149.8527,3.428132,111.01,-93.23146,-32.13274,-67.86639
1.164968,1.791579,661,1024,148.4034,-26.01689,112.1938,-93.23146,-23.2804,-80.74925
1.674711,1.965498,420,1024,148.4034,-49.67579,88.64214,-95.17174,-1.94928,-99.28185
1.045628,1.091187,3445,1216,128.662,-23.93031,85.15618,-105.768,6.229235,-93.13979
1.047982,1.076995,3268,1216,128.662,-25.4217,83.77317,-105.768,9.019865,-91.77134
1.039161,1.037893,3295,1440,128.4545,-27.27998,84.6603,-105.9415,9.553865,-89.49802
1.009289,1.017735,3295,1664,127.8468,-29.92061,83.81512,-106.913,10.77447,-90.13983
1.033457,1.036594,3711,1344,107.6446,-39.39323,72.83968,-128.0342,17.06568,-89.78486
1.058925,1.045111,3918,832,107.5059,-38.2117,74.75741,-128.0342,13.436,-92.26643
1.059413,1.023777,3995,416,106.5243,-37.0786,75.57362,-129.3452,10.24144,-92.50899
1.062439,1.054946,4027,384,106.5243,-36.99658,76.81891,-129.567,9.502128,-94.64063
1.060632,1.055784,4036,1408,104.5315,-37.99682,76.03374,-130.2751,10.13283,-95.34118
1.073484,1.06078,4091,1600,102.5477,-40.8303,76.39581,-130.2751,13.69465,-96.84614
1.064038,1.065196,53,1664,101.5626,-42.07158,74.74449,-130.8565,18.89196,-98.11784
1.083589,1.079689,85,1536,101.5626,-44.33392,74.82516,-131.6258,22.82123,-99.0316
1.132115,1.071266,155,896,100.0249,-47.50307,74.09917,-132.4246,28.79838,-103.1034
1.158863,1.17489,74,768,98.51495,-48.16666,74.72108,-132.2935,37.0624,-102.8761
1.274987,1.278745,27,832,94.26254,-50.84583,69.99427,-132.2935,37.64314,-100.0196
1.432474,1.37944,4014,1152,94.26254,-53.80415,64.93543,-132.3049,37.66821,-97.20164
0.782522,0.99809,17,1440,-7.985793,-0.710173,144.2022,-110.6967,-9.927989,-111.3017
0.894902,0.977453,14,1408,-7.985793,3.603247,141.8371,-110.6967,-10.44869,-111.8507
0.916308,0.994223,14,1280,4.817899,4.781006,139.4431,-109.2564,-9.14708,-113.2112
0.892906,1.007743,14,1312,27.24766,6.393464,138.1571,-108.4508,-11.54731,-115.0293
0.728497,0.940762,14,1088,27.24766,10.7716,134.4509,-107.9667,-14.4254,-113.2127
0.673833,0.902484,14,1152,47.82437,12.90468,128.821,-107.9667,-16.03624,-111.6503
0.646597,0.88839,14,1216,66.94289,14.57808,127.1201,-106.818,-19.71096,-109.475
0.607982,0.868915,14,1184,80.65789,16.21986,127.7799,-105.4415,-23.36854,-109.2497
0.536376,0.838476,10,896,80.65789,14.59018,123.3894,-105.1718,-27.88617,-106.6496
0.450595,0.810614,10,864,89.81895,8.932858,115.1393,-105.1718,-29.80913,-104.4641
0.517593,0.829645,10,864,96.5286,5.572836,113.5781,-104.0435,-32.15763,-101.4514
0.63944,0.831988,10,928,96.5286,-0.896426,120.3816,-103.1687,-31.37477,-97.69382
0.695849,0.882374,10,896,102.4631,-3.74961,114.8022,-102.1937,-33.14993,-97.93072
0.717188,0.864648,10,512,107.3866,-9.181483,107.0908,-102.1937,-30.33066,-91.35356
0.854837,0.871224,10,768,112.4198,-20.47945,114.1929,-101.4028,-31.08914,-94.00851
0.974368,0.838708,10,832,112.4198,-14.43931,111.9933,-101.1383,-29.76617,-90.33604
1.075807,0.775947,10,768,117.1996,-20.72103,106.1925,-100.6125,-18.29468,-94.69234
1.130959,0.815861,10,704,122.0424,-23.33184,100.1838,-100.6125,-2.112428,-98.75333
1.251222,0.791132,10,512,126.3205,-28.75967,99.12601,-100.0475,10.19696,-104.463
1.358073,0.823271,10,32,126.3205,-32.23442,101.4084,-99.69196,22.36777,-114.4561
1.390403,0.917238,10,288,130.9989,-37.71004,100.2057,-99.34906,34.77845,-109.9696
1.368059,1.098834,10,3904,134.3579,-44.5558,94.29559,-99.34906,50.45608,-110.1035
1.278419,1.226868,14,3872,134.3579,-53.9994,77.78699,-98.02036,67.22903,-80.07304
1.217514,1.516144,106,4032,138.0263,-54.14499,58.43359,-96.94033,77.84927,-77.72778
1.337329,1.870734,3861,576,148.0823,-53.10512,29.49434,-93.48443,72.01948,-109.769
1.445889,2.053834,4059,576,149.0251,-62.31261,19.8071,-93.48443,74.64796,-87.29295
1.333233,2.042498,3967,544,149.0251,-63.48864,29.8709,-93.3605,78.1002,-91.12867
1.076546,1.9173,3790,544,150.7432,-56.51378,51.85666,-93.05888,78.23637,-118.1887
1.222864,1.61056,4074,1088,140.5951,-45.07956,107.2215,-97.05339,67.09043,-121.9705
1.244396,0.780111,81,1408,139.2839,-29.81542,129.6497,-96.52927,40.33171,-74.62375
1.002494,0.729116,202,1472,136.7892,-17.52596,141.2037,-96.59451,-35.70055,-74.55489
0.736068,1.005371,36,1536,134.1862,5.40202,114.6429,-97.19952,-38.24294,-99.39028
1.092782,1.197207,3579,1440,124.9122,-16.72368,88.9747,-103.112,-5.18597,-95.88472
1.110704,1.162273,3573,1425,124.114,-16.21002,91.87804,-104.1113,-4.213702,-93.3337
1.07975,1.112774,3332,1536,124.114,-19.23699,92.83638,-104.8927,-1.432371,-91.64339
1.046505,1.070503,3071,1664,122.8169,-22.651,88.6247,-104.8927,4.687037,-90.76001
1.003685,1.13216,2613,1632,118.8775,-37.57698,88.72131,-108.1957,19.3512,-106.7441
0.995082,0.958753,2980,1568,118.2648,-39.29444,90.51739,-109.4711,23.32028,-101.51
0.983986,0.952095,3167,1600,118.2648,-40.71901,91.78113,-111.3726,25.2178,-106.7987
0.962717,0.928114,3291,1568,118.381,-41.90051,87.65812,-111.3726,22.40008,-105.5963
0.956994,0.963931,2485,1472,113.309,-40.55373,66.41135,-119.5271,21.1905,-102.7034
0.966394,0.953387,2286,1440,112.3457,-40.44345,67.82355,-120.4183,19.5616,-98.10754
0.958401,0.950033,2139,1440,113.1672,-40.05164,68.67278,-121.036,20.34204,-96.64176
0.951818,0.943898,2218,1408,111.7331,-39.7761,69.68217,-121.036,18.85612,-96.64309
0.978944,1.002483,2862,1408,105.3508,-39.09423,73.4303,-125.2907,22.46198,-99.72716
0.982012,0.964523,2971,1440,105.6881,-38.49735,73.00326,-125.7201,21.74533,-98.769
0.978479,0.966302,3103,1408,103.96,-38.32433,71.30301,-125.7201,22.1907,-96.91522
0.984569,0.969709,3300,1152,103.96,-38.15752,73.62982,-126.7153,20.42997,-97.06013
1.077218,1.050054,31,1344,99.27788,-42.28274,81.75764,-129.8041,14.84048,-100.5968
1.098256,1.110927,174,1664,98.03098,-41.15273,80.72042,-130.2409,14.07179,-100.5816
1.120785,1.130239,255,1152,95.58681,-41.76843,78.42358,-130.8318,14.84149,-99.15939
1.123465,1.139722,309,960,95.58681,-42.04738,76.13242,-130.8318,17.23852,-97.81361
1.143473,1.147449,383,960,93.18243,-42.58193,74.88541,-131.1946,20.41669,-96.28528
1.192494,1.180875,415,768,90.50548,-42.54704,73.49776,-131.5085,23.04178,-95.50513
1.23222,1.231718,405,864,90.50548,-43.67625,75.19615,-131.5085,24.10296,-95.49191
1.292858,1.235656,398,832,87.48423,-43.73803,74.60968,-131.713,28.40144,-96.88492
1.370389,1.360124,266,896,84.26376,-44.75373,73.74727,-132.4498,32.15869,-93.78783
1.507981,1.547755,181,1024,79.58308,-46.89204,73.71592,-132.7478,31.09996,-91.91232
1.810179,1.6598,117,1184,79.58308,-56.36515,65.33247,-133.2087,30.59526,-94.19664
1.939138,1.662648,4095,1408,75.28057,-62.42858,56.18681,-133.2087,39.36314,-100.2477
0.573527,0.90595,27,1536,3.839276,-5.009514,140.6237,-112.6112,-6.335968,-112.8755
0.693723,0.922591,17,1472,3.839276,-0.221677,141.6447,-111.4403,-7.893226,-112.0741
0.810379,0.936716,14,928,11.38122,1.039454,140.9616,-110.5379,-6.003232,-111.7255
0.842337,0.933062,17,960,19.65584,2.133193,140.027,-110.5379,-8.27696,-112.6041
0.785093,0.90609,17,800,33.38105,4.233019,136.569,-110.1016,-8.966152,-112.9704
0.741374,0.919969,14,1056,33.38105,6.980245,132.3325,-108.8151,-10.93546,-114.4379
0.716881,0.881841,14,1056,46.01112,7.588705,129.6607,-107.5844,-12.14325,-113.5686
0.651673,0.88802,14,1152,60.9751,8.114782,127.9838,-106.6439,-16.70695,-111.455
0.567831,0.869073,14,1024,68.52299,8.531657,129.0214,-106.6439,-22.42982,-110.6767
0.524235,0.862929,10,1056,68.52299,9.537704,116.813,-105.6628,-25.82723,-105.9027
0.596276,0.865659,10,640,79.21475,5.795124,117.7824,-105.1625,-27.95732,-105.8569
0.622156,0.788113,10,640,85.57665,1.9778,107.5639,-104.8096,-30.43653,-106.0351
0.609236,0.737206,10,896,91.96604,-10.14388,106.1159,-104.8096,-21.9885,-99.76156
0.699415,0.741915,10,657,91.96604,-20.83426,112.7556,-103.5851,-19.57027,-100.0813
0.832263,0.745192,10,736,98.7247,-19.77936,117.7606,-102.6869,-25.70159,-101.1466
0.905398,0.737727,10,416,102.1851,-21.89124,111.9721,-101.9468,-24.26461,-97.2636
1.00554,0.731946,10,704,110.7212,-22.49529,106.3645,-101.9468,-15.13055,-88.89687
1.084789,0.756879,10,640,110.7212,-28.21253,100.9586,-100.8721,-3.382125,-93.19343
1.13037,0.772484,10,529,116.6915,-24.81116,95.27369,-100.7367,1.982091,-97.73315
1.237329,0.77771,10,448,123.2099,-29.79134,99.03371,-100.2155,14.40171,-101.1407
1.329847,0.806628,10,352,123.2099,-34.6146,100.6636,-100.2155,28.86712,-110.64
1.359048,1.033667,10,3904,128.3357,-42.94529,97.55773,-100.117,50.3331,-113.8232
1.292635,1.160936,10,160,132.9431,-50.05453,89.09877,-99.54786,54.70775,-117.8049
1.227911,1.334934,10,256,136.3306,-56.33601,73.43109,-98.37146,69.31917,-95.73273
1.158798,1.485164,46,64,136.3306,-54.42474,63.08949,-98.37146,81.44419,-82.24124
1.06924,1.69606,735,384,137.8634,-48.25349,69.16586,-97.23264,86.80365,-65.17065
0.968321,1.74997,181,448,141.1819,-43.62939,74.95262,-95.90633,85.93876,-136.755
0.997969,1.737997,127,320,144.309,-47.01,71.1785,-94.51659,82.19778,-131.2054
1.117065,1.636779,1211,288,144.309,-51.09694,63.04504,-94.51659,73.31696,-115.0048
1.155278,1.56145,3460,256,145.7994,-54.38285,57.83878,-93.35792,67.69946,-108.711
1.122076,1.497271,1322,160,146.7228,-53.84863,50.0768,-93.48222,64.72132,-94.71189
1.074464,1.509657,334,4032,146.7228,-49.88765,53.80967,-92.66984,67.1838,-96.66589
1.043476,1.43687,2378,3936,147.256,-45.56706,66.94402,-92.66984,65.02705,-106.4851
0.982075,1.328117,1919,3744,147.6728,-37.81554,79.12298,-92.51463,61.939,-115.6719
0.954183,1.217504,2244,3904,147.1031,-32.88898,84.98605,-92.91478,54.68334,-118.0176
1.05338,1.169651,3680,4032,147.1031,-32.09818,89.38899,-93.2267,48.47776,-109.9404
1.05578,1.09219,2037,17,147.3753,-23.11253,85.42766,-93.2267,37.42855,-105.8026
1.084921,0.965653,3534,128,146.5499,-17.49247,89.78721,-94.00126,36.83721,-105.2944
1.134716,0.970177,347,0,145.2977,-20.80111,96.82996,-93.94194,35.5141,-100.0808
1.22766,1.106239,1279,384,145.2977,-33.67412,104.3781,-94.66236,24.57471,-86.40893
0.980721,0.994328,127,960,138.8206,-46.28748,120.7108,-96.53631,66.53091,-123.4257
1.016972,0.481463,415,832,137.1748,-20.02543,136.7073,-95.93636,0.76224,-65.57828
0.938057,0.825171,479,1408,137.1748,-1.34515,138.758,-96.20613,-38.60831,-84.66964
0.925361,0.940967,398,1568,135.4535,9.849629,113.3129,-96.20613,-26.77879,-84.20702
1.473187,1.491816,255,1664,133.9435,3.503901,86.76334,-97.23968,-5.13058,-96.14641
1.72331,1.770798,46,1728,132.4867,-12.29727,81.67616,-98.25193,0.540805,-88.27267
1.421112,1.39396,3999,1408,132.4867,-26.8329,74.57857,-99.3504,6.681985,-93.11668
1.046359,1.023475,4017,1088,129.5276,-32.94257,77.98363,-99.3504,16.59159,-97.42158
0.876871,0.82717,4074,1184,127.5971,-35.43847,96.39259,-101.027,19.36794,-93.02009
0.924557,0.856543,21,1280,127.5971,-29.25922,110.1453,-101.7604,10.4216,-90.70532
0.998602,1.03176,142,896,126.2437,-24.36259,102.4696,-102.6835,-2.290531,-93.55857
1.092532,1.206931,21,1280,125.5105,-15.94754,94.94351,-103.6931,-5.251663,-94.60836
0.97575,0.965744,2687,1408,114.8826,-37.54657,64.49975,-118.1628,28.28478,-91.62355
0.967348,0.958792,2692,1312,114.6587,-40.3289,64.49264,-118.5334,32.02055,-93.81636
0.955622,0.955085,2532,1216,114.6587,-42.7,68.66343,-118.5334,32.43248,-91.21841
0.949984,0.96154,2276,1088,113.2514,-41.95194,68.60555,-119.0672,32.42922,-95.2958
1.049517,0.9957,3583,896,100.6414,-45.09941,76.13654,-128.1918,23.95336,-100.4866
1.050073,1.026406,3675,960,99.58066,-44.21294,76.41088,-128.1918,22.50679,-100.6095
1.063329,1.04202,3807,1024,98.04556,-42.77864,76.90871,-128.5601,20.97936,-97.91369
1.074284,1.062303,3871,640,98.04556,-41.99036,75.8767,-129.105,18.41398,-96.91383
1.068196,1.068229,4046,352,95.83924,-41.12794,74.70259,-129.6702,17.5345,-95.06768
1.081671,1.093627,63,576,94.58569,-41.1224,71.76444,-129.6702,17.33874,-93.99736
1.093335,1.101419,142,512,95.25526,-43.31192,68.7868,-130.9407,20.31932,-94.59672
1.118326,1.122111,177,800,95.25526,-46.6298,64.42415,-131.4155,25.0544,-92.83424
1.177682,1.175784,191,640,91.25384,-49.45162,62.30588,-132.0367,32.65688,-93.43031
1.263101,1.23944,191,721,88.08887,-51.58393,61.70407,-132.0367,38.26373,-92.76646
1.365129,1.356658,91,768,83.51142,-51.09007,66.21051,-132.5373,43.31134,-98.06001
1.531974,1.466762,4085,832,83.51142,-55.34173,60.40688,-132.3278,46.4141,-104.5794
1.739125,1.590921,3903,960,77.63556,-59.72145,55.99709,-132.3367,46.70385,-99.89997
1.937278,1.737066,3775,928,69.9994,-63.17068,58.83401,-132.3367,44.72487,-102.8713
2.028109,1.722917,3594,448,66.1251,-65.88473,56.50295,-131.3101,47.1795,-106.785
1.939015,1.591259,3364,768,66.1251,-65.95576,45.1439,-130.5664,57.0414,-117.318
0.465584,1.019819,81,1184,-22.19128,-9.829489,119.1656,-112.5375,-5.188897,-107.3532
0.508677,0.946745,32,928,-18.97072,-9.393237,131.7284,-111.7191,-5.534992,-108.415
0.64036,0.912856,17,544,-13.27094,0.49122,138.2205,-110.8662,-4.70308,-110.8155
0.775914,0.951172,17,1216,-13.27094,4.938452,140.8671,-110.8662,-8.500783,-109.3784
0.861334,0.922989,14,1280,-8.871443,6.359306,140.6126,-110.0845,-6.580522,-111.3158
0.882346,0.94445,14,1280,-3.102951,6.498209,140.2337,-109.3823,-8.670284,-112.8761
0.856792,0.923117,14,1344,-3.102951,7.939068,137.9078,-109.3823,-8.516041,-111.446
0.807042,0.916721,14,1024,12.25864,10.87896,134.8441,-108.729,-8.182831,-112.4688
0.733156,0.872657,14,1024,32.49421,16.04031,130.4883,-107.5895,-11.81027,-113.7917
0.668088,0.832695,14,896,56.47589,21.19098,129.1777,-106.6442,-15.13445,-116.322
0.590678,0.804345,14,1024,56.47589,22.6306,128.7639,-106.6442,-20.39876,-115.9182
0.523492,0.789663,14,896,75.58075,20.96812,132.2689,-105.184,-26.05004,-117.0387
0.461974,0.779533,10,800,89.297,16.65041,129.1605,-104.1207,-30.43265,-113.5871
0.457755,0.79044,10,704,96.86164,6.703706,119.086,-103.2785,-32.75018,-105.5359
0.528538,0.807089,10,896,96.86164,-1.329263,115.6746,-102.2576,-33.62648,-97.56818
0.628431,0.864541,10,640,101.101,-2.564727,111.9317,-102.2576,-35.19675,-93.42543
0.635962,0.937154,10,320,106.7813,-7.013501,105.7111,-101.6211,-33.1986,-94.60893
0.696547,0.841486,10,640,112.3824,-16.68789,109.5548,-100.6915,-31.20433,-95.4371
0.911471,0.820728,10,640,112.3824,-16.53281,114.7939,-100.2141,-30.23495,-90.85767
1.075609,0.718268,10,800,117.9674,-18.86699,112.3689,-100.2141,-23.26557,-93.76863
1.193104,0.744397,10,768,124.0338,-21.00205,107.7344,-100.7349,-14.6725,-99.21259
1.300308,0.768474,10,704,124.0338,-24.93847,101.9372,-100.187,-1.14163,-106.2378
1.405645,0.862822,10,576,129.637,-30.8255,102.5002,-99.75514,14.05889,-112.7227
1.464383,0.926203,10,320,135.1485,-37.36447,101.5891,-99.75514,22.0737,-112.1099
1.467837,1.182087,10,256,141.3317,-45.14145,93.04632,-100.0565,44.16703,-119.5527
1.40449,1.2316,10,352,141.3317,-54.41637,81.86869,-99.38922,51.85703,-115.5129
1.29744,1.198843,10,128,142.8435,-53.96157,49.50499,-99.38922,68.07726,-111.1793
1.282998,1.54496,21,320,144.6567,-49.90678,38.98019,-97.87513,81.87536,-96.4162
1.04692,2.016639,1435,320,147.5059,-54.05198,63.23658,-96.36889,82.33151,40.79007
0.877239,2.050016,3370,128,147.5059,-56.95694,50.13736,-95.37962,77.14112,51.55793
1.148134,2.022518,853,512,149.2433,-50.71865,21.32195,-93.7973,81.18044,19.66823
1.549364,2.006936,1678,384,151.062,-54.24033,5.1137,-93.7973,84.77727,-51.75251
1.660261,2.028447,2399,256,152.9028,-61.68979,1.176385,-92.7061,80.15956,-107.9344
1.318401,2.055769,2478,160,152.9028,-61.7847,28.84003,-92.08706,76.45663,-136.5762
0.978515,1.909755,2030,320,153.3394,-51.05466,70.57131,-91.37727,66.82419,-151.1988
0.990633,1.34152,2602,384,153.0124,-27.00492,95.99823,-91.37727,52.54053,-144.3065
1.208165,1.231182,1892,512,146.6017,-34.06506,95.03508,-92.05746,12.47247,-82.60344
1.960763,2.021805,2495,768,145.4836,-62.92075,74.62743,-93.80502,7.100539,-84.98
2.761472,2.431384,2815,960,144.845,-46.36461,53.57726,-93.80502,24.23464,-115.6514
2.638538,2.97979,2911,832,144.845,-40.40653,50.40179,-95.1576,42.12265,-134.0159
1.537788,2.195961,3396,1056,144.0664,-57.13136,61.0239,-96.55354,65.52297,-157.4581
1.056268,0.787237,3931,864,142.4006,-40.04136,140.4512,-95.2048,35.74971,-22.19149
1.228032,1.97375,127,1376,138.713,-11.91095,169.9337,-95.2048,-29.34522,-78.62872
1.041434,1.406457,251,1472,138.713,12.01506,177.4395,-94.81733,-73.46339,-149.1321
1.025901,0.930196,3204,1472,131.11,-27.64715,94.87096,-97.76704,23.52224,-90.68436
0.783849,0.680419,3131,832,128.6877,-30.91561,111.2465,-98.72141,18.43313,-95.466
0.83113,0.900107,3214,640,127.1478,-27.62161,104.0903,-98.72141,5.1674,-104.3086
1.013727,1.153957,3221,1344,127.1478,-21.98738,93.50096,-99.60385,1.914524,-100.9426
0.993838,1.000336,2175,1920,119.0415,-31.70739,82.21715,-104.925,19.14426,-89.89645
0.975833,0.985415,2261,1920,119.0415,-35.04524,87.88215,-106.1547,24.2543,-91.40449
0.979718,0.9746,1956,1920,117.3956,-35.00358,83.84738,-106.1547,26.62059,-98.45856
1.008036,0.9693,1215,1920,116.7117,-37.93877,82.2877,-108.3277,25.12948,-100.2179
1.076597,1.04853,3658,2048,100.1818,-42.56354,70.38857,-127.1511,26.54955,-92.56449
1.087268,1.067864,3822,2048,97.89889,-42.77196,72.14806,-128.4548,26.70819,-92.16951
1.100874,1.098609,3903,1952,94.882,-42.97787,72.90174,-129.284,25.23068,-94.86966
1.112598,1.09204,3982,1408,92.67282,-44.47313,72.32795,-129.284,22.52455,-96.95354
1.123882,1.112478,4095,1376,92.67282,-45.05303,69.65622,-129.8639,23.57153,-98.99686
1.141812,1.14383,117,1280,89.88429,-45.7504,66.07448,-131.2503,27.3816,-100.1282
1.188211,1.197837,191,1056,89.52596,-46.8495,64.90074,-131.2577,31.50639,-100.4723
1.287,1.27509,234,1152,89.52596,-50.6068,64.72486,-131.2577,35.77824,-99.8978
1.3847,1.310206,123,1408,87.00869,-51.7553,60.98341,-131.8148,40.08607,-102.0977
1.502971,1.433396,4014,1600,84.26228,-54.1694,55.42519,-131.4984,42.07082,-94.30373
1.731495,1.629859,3771,1984,79.0862,-57.59101,55.68215,-131.5921,43.11353,-94.26038
2.014505,1.704742,3620,1856,79.0862,-62.61958,55.99081,-131.5921,42.12174,-98.03667
2.137059,1.789267,3566,1792,74.77267,-66.4834,51.63144,-130.8688,44.41722,-106.6644
2.06692,1.640777,3342,1920,70.5636,-68.67502,42.69125,-129.8515,54.36791,-120.686
1.873094,1.707586,3022,1728,70.5636,-64.32198,38.11103,-129.8515,59.85366,-123.0107
1.727286,1.614827,2916,1696,67.1327,-58.30882,40.76924,-127.8606,63.3731,-120.0378
0.667695,0.968841,14,1600,-1.972284,-4.096862,148.651,-107.2125,-8.282655,-114.0732
0.777398,0.964754,14,1600,6.272692,0.665397,150.1073,-107.2125,-11.85465,-113.69
0.832139,0.947185,14,1632,27.00347,6.105856,146.761,-106.6726,-10.48993,-114.3492
0.876027,0.944524,14,1536,27.00347,10.09409,143.0758,-105.1522,-13.47462,-112.8903
0.88796,0.927465,81,832,50.88969,12.8524,139.4149,-103.9673,-12.08415,-112.477
0.798463,0.907186,160,1024,67.72579,15.68618,135.0193,-103.9673,-14.2231,-114.0848
0.717317,0.856581,36,1233,84.63813,18.66821,132.8393,-103.5899,-20.17485,-111.1605
0.632014,0.833932,17,1216,84.63813,19.59663,131.636,-102.4057,-24.7569,-108.6451
0.527593,0.840364,14,1024,95.98545,19.99891,134.2273,-101.8878,-30.69289,-106.1341
0.510561,0.842207,10,1088,102.6477,22.72987,129.1698,-101.8878,-35.6246,-106.6362
0.42385,0.852813,10,1216,107.0276,18.39789,114.3648,-101.0338,-38.00893,-103.1872
0.531688,0.894925,10,1184,107.0276,7.893408,119.3827,-99.76097,-41.32692,-97.53656
0.604306,0.885998,10,1088,112.0902,7.721272,110.8498,-98.49902,-38.26473,-97.32505
0.594082,0.830993,10,1028,116.074,-9.581089,104.7439,-98.49902,-34.34672,-99.13152
0.76862,0.91295,10,1024,121.1541,-13.52109,119.5552,-98.31734,-29.70339,-108.8587
0.936168,0.826374,10,1024,121.1541,-11.50113,119.8399,-98.00845,-34.8849,-104.4126
1.115953,0.942848,10,896,125.5601,-16.47105,111.782,-97.84946,-34.97514,-108.9314
1.169753,0.914411,10,640,131.3975,-17.84677,108.7089,-97.84946,-30.29539,-108.407
1.298744,0.792712,10,544,131.3975,-17.91161,106.0938,-97.63574,-14.46012,-105.0147
1.421673,0.8599,10,337,135.8598,-23.27422,103.6598,-97.24553,6.607212,-101.2297
1.405953,1.035596,10,512,140.5103,-32.18839,96.64154,-97.05096,34.30828,-96.24724
1.405563,1.104538,10,512,142.7213,-40.98709,91.5583,-96.36145,48.93897,-96.08112
1.366992,1.113819,10,416,142.7213,-50.41612,88.70789,-96.36145,50.41942,-107.7715
1.217665,1.105725,10,256,146.2918,-57.89451,56.1212,-95.55565,57.18452,-123.7386
1.300802,1.580522,21,256,150.1413,-44.41859,49.4493,-94.49594,78.46632,-123.1379
1.183066,1.999471,2250,576,153.275,-47.25506,52.84806,-93.13172,88.31256,-152.4792
1.191708,2.004219,650,640,153.275,-51.94889,28.08032,-93.13172,85.71003,97.97515
1.541274,2.001874,2037,672,155.9926,-50.00182,6.839271,-91.48508,86.72461,86.23878
1.825105,2.011497,2677,544,157.7054,-52.08377,5.411673,-90.73055,83.50923,-117.0119
1.474391,2.033553,3268,512,159.6628,-53.48604,27.30802,-90.73055,79.36219,-112.6105
1.017602,1.852627,3729,416,159.6628,-44.5551,64.97205,-89.02808,79.38288,-111.0294
0.917689,1.179483,622,448,158.9347,-22.75118,86.80597,-88.59083,60.4458,-111.1811
0.922005,0.685517,1572,512,157.0733,-16.27143,103.475,-87.76257,19.87733,-99.25109
0.848051,0.711508,2062,544,155.1858,-17.44575,115.5198,-88.24426,2.112709,-89.72473
0.99516,0.52613,2353,640,155.1858,-17.7036,119.572,-88.24426,-26.60032,-87.3691
1.041636,0.835606,2389,785,153.6075,-4.635424,112.1058,-89.13045,-18.94789,-84.38358
0.962665,0.972157,974,1728,122.039,-38.67117,74.32479,-117.0789,16.92285,-105.3497
0.973868,0.965846,959,1728,120.9362,-35.95113,75.17881,-117.8386,16.2625,-105.7269
0.975178,0.958089,987,1728,120.9362,-34.70087,76.16888,-117.8386,16.03696,-105.2874
0.964939,0.945714,1301,1664,119.9251,-35.65163,75.6351,-118.292,17.55428,-100.6273
1.030948,1.000439,3931,1856,110.1071,-39.5122,71.37606,-125.9376,20.19213,-95.04649
1.024718,1.035642,4085,1536,108.2225,-39.26057,71.98296,-126.9906,14.36449,-94.33084
1.04244,1.064266,85,1568,105.956,-39.34786,70.74515,-128.0894,15.97254,-94.61642
1.069621,1.087637,177,1728,105.956,-40.90117,69.659,-129.0044,19.21113,-95.45291
1.108975,1.110663,255,1216,102.9137,-43.54683,67.72866,-129.0044,26.20436,-95.53959
1.159654,1.1603,287,1664,102.1299,-46.41738,65.64867,-129.5047,30.72032,-96.21405
1.233012,1.232067,191,1536,100.2101,-47.85019,66.19963,-129.6686,35.44101,-94.61848
1.382175,1.302944,95,1536,100.2101,-49.94301,64.09744,-130.2501,39.49143,-97.19313
0.735801,0.960404,17,1216,-30.81288,0.555757,144.5192,-107.2818,-8.378007,-110.5199
0.839105,0.964174,14,1024,-25.22819,3.78893,144.0969,-107.2818,-9.236348,-111.4059
0.868835,0.94723,14,1152,-25.22819,6.54302,142.3786,-106.5286,-8.6521,-111.4944
0.86786,0.950038,14,1184,-0.741921,8.769186,141.1143,-105.7489,-7.723192,-114.451
0.832279,0.96131,14,1440,53.09977,12.94736,136.8559,-105.2532,-10.80009,-117.2421
0.70524,0.918219,10,1088,83.67995,17.25827,135.0954,-104.3884,-15.83335,-117.3401
0.608187,0.837776,14,1280,83.67995,19.43814,130.9979,-104.3884,-19.13081,-114.9041
0.623143,0.777794,10,1408,100.506,15.51767,132.233,-103.8594,-21.48478,-108.7511
0.541714,0.794802,10,1344,105.6697,11.37824,136.2985,-103.2847,-26.76193,-106.5657
0.417738,0.792439,10,1184,110.0035,9.633439,121.8021,-102.4681,-29.38362,-107.0343
0.461387,0.830317,10,960,110.0035,5.310149,112.796,-102.4681,-30.64429,-104.1205
0.594883,0.803159,10,1024,113.6529,4.705433,113.1754,-101.8138,-30.85658,-101.8498
0.604995,0.775492,10,832,116.6445,-10.60928,104.568,-101.6155,-27.27564,-96.84137
0.657004,0.71555,10,896,123.0435,-19.5774,111.9545,-100.7238,-25.18093,-95.42702
0.845309,0.765327,10,896,123.0435,-23.56009,123.5762,-100.7238,-27.45751,-100.3753
0.925888,0.715665,10,785,128.1212,-17.78813,113.3917,-99.74443,-21.7213,-98.51595
1.062552,0.785621,10,512,130.6179,-24.95812,107.9921,-99.78815,-16.4497,-96.76025
1.16193,0.75651,10,401,137.0902,-26.24756,101.0725,-99.6544,1.515522,-98.96542
1.313579,0.803887,10,512,137.0902,-26.31741,99.72047,-99.6544,9.081143,-110.1603
1.417605,0.873252,10,128,141.3336,-27.02082,103.1958,-99.17633,17.00636,-112.6913
1.435124,0.960108,10,384,144.8997,-33.83297,102.2604,-99.01299,31.57323,-114.8298
1.360925,1.195537,10,320,144.8997,-42.62349,91.93044,-98.64996,54.84464,-113.2186
1.25806,1.200455,10,4064,147.1524,-51.94642,69.18706,-98.64996,61.31285,-105.3897
1.235712,1.333494,10,4064,148.9099,-51.25648,43.90702,-97.17945,70.75542,-97.41599
1.191319,1.476456,1134,128,149.9412,-52.11114,57.94246,-96.05132,78.07673,-71.17011
1.109959,1.677665,319,384,149.9412,-48.48085,71.3908,-95.20478,78.27657,-36.74276
1.035416,1.958452,2197,0,152.5369,-40.54107,68.43119,-94.05645,83.35352,-42.69893
1.148834,1.914084,3135,0,153.1964,-39.28159,49.37867,-94.05645,81.3437,-101.3075
1.333446,2.03685,255,64,155.5241,-48.97291,25.99897,-92.85843,75.55908,-102.5542
1.468766,2.065163,625,288,155.5241,-57.23396,14.59183,-92.48299,75.41395,-79.75766
1.437843,2.035165,219,128,156.7137,-60.35063,17.52902,-92.48299,79.1233,-85.97404
1.227092,2.030325,3729,64,157.7334,-62.30118,41.03663,-91.83076,79.85857,-126.8288
0.94549,1.832224,3807,0,158.7134,-49.52751,83.80886,-91.48131,71.71591,-150.1729
0.952753,1.368641,174,209,158.7134,-34.23938,99.05891,-91.45407,62.35862,-143.0717
1.010745,1.0754,686,224,157.5658,-29.40764,105.5681,-91.45407,38.53063,-130.9131
0.979241,0.863656,1179,256,156.2159,-28.46388,105.5656,-90.9164,12.18758,-117.8168
1.738844,2.130806,3780,864,151.7643,-47.3468,75.27592,-94.6543,-11.02975,-107.1359
2.074413,2.183013,3263,1105,151.6596,-43.79171,59.02784,-97.0516,24.24923,-121.5847
1.941756,2.322161,3121,800,149.5461,-54.34846,53.68042,-97.0516,51.86779,-131.7062
1.600768,2.226019,3534,896,149.5461,-60.71371,82.12869,-98.02799,63.87529,-145.1152
1.218,1.274681,3963,448,149.3645,-48.24273,112.4263,-97.79136,70.8494,-76.26175
0.83969,0.688023,31,704,147.1146,-32.12499,121.499,-96.83804,3.751597,-53.66871
0.670944,0.985378,3972,849,144.0567,2.501184,93.42249,-96.83804,-33.52617,-79.50449
1.099111,1.22102,3662,1280,144.0567,9.577827,72.61039,-97.02959,-22.38212,-90.51698
1.002896,0.862476,3566,1728,138.7461,-32.65839,113.4443,-99.864,16.7932,-92.6041
0.96689,0.967765,3829,1440,137.6583,-29.73601,103.907,-101.0669,6.303872,-95.24673
1.023074,1.100573,4000,1536,136.9077,-23.61292,94.40757,-101.0669,-0.552573,-101.196
1.082536,1.15736,4063,1472,136.9077,-20.05272,93.58705,-102.3954,-3.453768,-100.9795
0.955961,0.983687,2427,1664,125.8475,-38.98408,71.40739,-120.6085,19.59812,-95.2535
0.961227,0.98497,2382,1184,126.2706,-39.02942,71.86552,-121.2439,23.38544,-98.95514
0.961733,0.970418,2421,1024,126.2706,-38.28374,71.10827,-121.2439,23.56877,-100.3751
0.95,0.950474,2389,1472,124.8469,-38.79253,71.33369,-121.1418,22.21453,-100.8527
1.06649,1.082455,4085,1568,120.4891,-35.61807,75.90998,-124.3834,11.3886,-91.71296
1.08401,1.090177,91,1440,118.3431,-33.4989,75.51739,-124.3834,11.31994,-92.03736
1.083018,1.106008,196,1920,118.123,-33.46787,74.05779,-124.4441,10.30992,-91.42623
1.086225,1.121811,241,1920,118.123,-34.34018,73.14996,-125.1464,10.83486,-88.58511
1.078858,1.103725,347,2048,116.2468,-37.84514,72.00355,-125.9217,13.95333,-86.18289
1.075131,1.082346,330,2048,115.0389,-39.80426,70.32852,-126.5318,19.24717,-89.20304
1.070475,1.064041,330,1952,115.267,-42.04648,71.62067,-126.5318,25.53809,-98.5538
1.098429,1.070158,324,1984,115.267,-46.17351,71.1829,-126.7584,29.31304,-101.2563
1.111847,1.109654,287,2048,113.5466,-47.21069,71.09824,-126.9024,34.59742,-103.4581
1.158434,1.198702,319,2080,112.9921,-48.62214,73.75368,-126.9219,36.27625,-104.7634
1.260377,1.284321,383,1984,111.9754,-48.8112,74.93324,-126.9219,37.86747,-107.6915
1.334341,1.338938,309,1792,111.9754,-50.25005,74.98811,-126.8924,41.8166,-106.6493
0.579214,0.858174,117,1408,156.9168,-9.168687,138.135,-91.81478,-16.4845,-105.698
0.529022,0.856533,32,1344,151.7388,-13.44189,132.3477,-90.94738,-17.56261,-99.16821
0.486572,0.853602,17,1152,149.1807,-16.30925,115.4103,-90.94738,-18.84491,-91.08598
0.545291,0.864064,14,1041,149.1807,-13.21136,109.2907,-90.15839,-19.56709,-88.60471
0.995932,0.813483,778,832,156.5063,-22.3672,116.6448,-87.62831,-12.86819,-78.43683
1.020471,0.78125,191,800,157.9391,-23.15429,111.4106,-86.74811,0.120789,-80.83923
1.070803,0.839419,53,704,160.6318,-28.35483,106.5639,-86.74811,2.932487,-89.03689
1.046042,0.781224,27,672,160.6318,-28.24017,104.177,-87.06379,11.69961,-91.89637
1.135572,0.735166,132,576,162.7207,-34.64509,101.7355,-86.67016,30.73864,-94.88996
1.233146,0.844805,1038,465,164.4653,-38.62525,99.9651,-86.33533,48.64074,-91.2836
1.293021,0.971903,2715,192,166.1883,-41.71111,99.77663,-86.33533,58.41769,-80.88422
1.21088,1.040109,1070,337,166.1883,-46.18627,91.1591,-85.92719,59.56222,-79.52132
1.179287,1.732985,959,512,172.0585,-58.4845,42.23669,-84.44429,78.11924,-130.3261
1.181794,2.001182,3214,384,173.855,-54.16823,29.71606,-83.72977,76.98106,-147.7464
1.234738,2.066611,1211,401,175.4408,-52.48261,25.98511,-83.72977,75.26044,-151.9901
1.219037,2.072539,123,384,175.4408,-55.31059,29.05754,-82.7604,74.64991,-143.5225
1.171973,2.064108,3989,320,176.8305,-57.99284,41.67606,-82.19984,75.52694,-131.3038
1.025226,1.827188,59,256,177.8249,-58.05069,57.48928,-81.51625,75.03513,-127.3721
0.929626,1.522715,1614,0,177.8249,-54.5393,84.07275,-81.51625,70.85573,-129.4982
0.912962,1.227677,3259,96,176.7436,-46.22049,96.07562,-80.46544,63.68359,-129.1322
0.944386,1.046209,479,128,176.4569,-34.14174,92.72418,-79.71688,44.60186,-134.4725
0.99729,1.030731,1151,128,175.7235,-21.77924,85.89046,-79.58052,24.36901,-126.8044
1.089585,0.941721,1668,256,175.7235,-9.909748,84.34772,-79.58052,18.83077,-119.0138
1.047405,0.762288,2811,576,174.4046,-11.01597,92.1796,-79.09113,0.779464,-99.0153
1.522272,1.433403,671,1376,170.9598,-24.10504,76.19375,-84.18275,42.22514,-120.6814
1.121556,0.64376,789,1376,170.9598,-16.48066,119.3813,-84.65437,31.9202,-86.30676
0.999254,0.757006,708,1120,169.5422,-14.12991,146.495,-84.65437,-41.28418,-72.5657
0.822884,1.066552,533,1233,168.7809,-11.90576,133.5235,-85.16872,-36.9204,-98.73993
1.027876,0.987664,3839,1408,164.1653,-40.55602,91.51285,-87.38597,24.51795,-101.6074
0.97286,0.914651,14,1233,164.1653,-37.7638,104.3978,-87.85429,20.45877,-86.98057
0.979091,0.979098,196,1536,164.2006,-28.61086,98.69021,-87.85429,12.00312,-90.59852
1.035148,1.083757,337,1280,163.0232,-20.44992,90.27386,-88.46062,5.464869,-93.26735
1.091248,1.13371,420,1632,162.5523,-16.40369,88.02979,-89.65634,0.693655,-90.12332
1.100731,1.15797,351,1472,162.5523,-16.7585,88.86584,-90.22774,-1.980365,-89.01843
1.097746,1.12698,138,1440,161.4811,-16.56611,87.18205,-90.22774,2.177599,-84.94719
1.09142,1.137784,3999,1216,161.7155,-17.07652,83.88474,-91.03536,5.892875,-81.27637
0.977185,0.967976,3441,1856,160.6334,-32.71554,82.56969,-94.40642,19.03719,-94.61138
0.973331,0.97121,3630,1920,160.9252,-35.77465,84.40567,-94.40642,24.05183,-99.5174
0.984335,0.973648,3652,1888,160.2903,-38.02837,86.71215,-95.64086,23.85821,-104.16
0.98548,1.024037,3743,1920,160.2903,-39.21056,83.53242,-96.6649,31.27034,-100.7484
1.04211,1.018029,3647,1728,154.0244,-38.1712,74.91662,-109.1909,20.75454,-98.05585
1.051508,1.049262,3765,1536,154.0244,-36.22981,77.21107,-109.1909,16.99272,-95.36472
1.062484,1.05051,3839,1664,153.706,-35.90284,77.44035,-109.9222,12.7509,-92.23485
1.069505,1.085613,3918,1408,153.614,-36.05834,78.17317,-109.8758,10.16871,-93.20378
1.082171,1.093428,3999,2112,152.731,-37.77433,77.06878,-111.1373,12.20325,-93.40967
1.092183,1.106332,4046,2176,152.731,-40.73553,75.52126,-111.1373,15.8222,-95.07641
1.090835,1.110896,14,2176,153.1634,-43.26841,74.99149,-111.5263,19.69672,-96.21767
1.127766,1.139706,21,2112,151.7877,-46.95349,74.00222,-112.13,24.58088,-99.73176
1.170199,1.164534,21,1888,151.7877,-48.19592,71.88953,-112.5378,30.81653,-103.6243
1.223306,1.248553,14,1824,152.1407,-47.29946,72.6882,-112.5378,36.37862,-105.367
1.316526,1.338242,4036,1937,153.3901,-50.16934,74.02328,-113.5738,38.33677,-103.5646
1.443917,1.419633,3950,1984,153.0828,-52.5984,71.92421,-113.4218,40.88837,-99.41146
1.607881,1.522657,3886,1984,153.0828,-56.75628,66.55566,-113.0698,41.92417,-96.41174
1.761626,1.625478,3797,1920,153.558,-61.51055,61.50938,-112.4639,48.87599,-95.92464
1.918469,1.59268,3765,1792,154.2822,-65.19618,46.66148,-112.4639,52.20514,-104.8839
1.92037,1.565851,3583,1728,155.679,-67.39041,35.924,-111.3471,59.33878,-111.304
0.730544,0.85672,14,1536,-177.997,9.046121,136.8947,-88.7273,-7.64327,-115.5747
0.668133,0.823213,14,1472,176.3778,10.50518,134.0143,-88.20753,-10.78804,-112.3263
0.60122,0.797004,10,1440,171.0171,7.725955,134.859,-87.67503,-14.74757,-110.8347
0.574579,0.779161,10,1408,171.0171,-0.006083,138.5766,-87.67503,-18.66102,-109.507
0.467308,0.747799,10,1312,167.656,-8.111986,137.9875,-87.07138,-23.29496,-106.8191
0.398111,0.767228,10,1280,164.3438,-5.892362,125.8055,-87.23962,-28.00114,-99.40125
0.567224,0.836532,10,1216,163.575,0.308084,118.7673,-86.92538,-31.62084,-94.35129
0.63988,0.838726,10,1152,163.575,3.875534,108.0108,-86.92538,-35.37503,-95.08662
0.639573,0.819287,10,1088,162.8815,-12.50936,108.8315,-86.54274,-27.89645,-90.32339
0.826991,0.771641,10,960,164.4476,-18.33175,126.7613,-85.5356,-30.65631,-88.92056
0.97576,0.783532,10,896,167.1593,-12.57639,121.4553,-85.42272,-29.79216,-84.14569
1.025873,0.789027,10,832,167.1593,-13.83312,111.0899,-85.42272,-22.79296,-93.38452
1.105062,0.824656,10,768,170.196,-16.53246,107.5335,-85.748,-13.70958,-103.9939
1.162415,0.852753,10,704,172.7191,-23.76729,105.9553,-84.80479,-15.0417,-107.5102
1.308408,0.846492,10,640,173.3763,-27.68028,104.9683,-84.89996,-2.279728,-103.1563
1.359303,0.870744,10,337,173.3763,-31.74405,105.0637,-85.15903,29.7859,-97.30859
1.23985,1.037519,17,160,174.1118,-39.47609,93.82647,-85.15903,54.56449,-76.13567
1.174549,1.17107,234,3904,173.9897,-46.84252,78.19693,-84.71741,59.92942,-68.30477
1.192253,1.317548,2299,128,174.093,-54.50002,72.37283,-84.67129,75.63661,-73.51994
1.136128,1.478833,782,448,174.093,-55.35692,74.18766,-84.30614,80.23606,-77.56944
1.093241,1.856606,1947,512,175.5985,-49.58876,70.15045,-84.30614,84.69934,-111.2262
1.119978,2.031297,3182,672,176.1609,-47.86793,50.41242,-84.10227,79.70647,-155.6015
1.418405,2.029465,3541,704,177.2229,-51.48962,20.78578,-83.44118,79.9953,-148.4769
1.772496,2.072652,3658,832,177.2229,-56.86806,6.130237,-83.67871,74.6385,-140.346
1.715106,2.0857,3246,800,179.7164,-57.56756,18.95884,-83.67871,73.38371,-133.9102
1.340026,2.063251,2692,832,179.6924,-50.39445,40.42423,-83.36567,75.61939,-130.4667
1.089313,2.224509,3466,704,178.6963,-33.68773,67.61357,-82.84283,26.79065,-98.99038
1.046371,1.077547,366,608,178.6963,-18.53902,88.81619,-82.37707,52.88877,-119.2201
1.761683,2.382608,597,1536,171.6744,-53.52195,63.16782,-90.16447,52.9074,-138.3315
1.536757,2.216599,1813,1600,171.6744,-57.00666,85.99562,-91.41474,64.37626,-133.0583
1.387881,1.512846,2528,1568,172.47,-55.12986,105.2798,-91.6668,66.42026,-107.5528
1.10454,0.902913,2734,1728,170.1778,-46.81576,101.7715,-91.6668,34.12572,-76.67032
1.056422,1.043767,3605,1600,149.5434,-39.17555,79.6024,-118.9308,19.51155,-97.95828
1.071592,1.0928,3790,1600,149.9477,-38.52599,78.28698,-120.1228,17.85557,-97.2638
1.094232,1.090408,3829,1920,149.147,-39.35477,77.60202,-120.1228,17.92302,-96.72598
1.090614,1.091567,3940,1856,149.147,-40.31721,76.45408,-120.4559,17.65117,-97.21629
0.548894,1.092194,106,1472,-89.49027,7.368311,120.8415,-104.5345,-8.365744,-107.4939
0.555201,1.022168,36,1472,-88.10108,0.925419,130.1014,-103.478,-3.695345,-108.15
0.624472,1.027754,27,1472,-88.10108,0.912317,138.287,-103.478,-6.238933,-109.3556
0.708069,0.982852,17,1536,-90.4193,3.279309,140.6939,-102.1668,-6.829494,-107.9072
0.85513,0.991972,14,1536,-97.58798,6.574292,141.4019,-101.6382,-9.539376,-108.2192
0.870516,0.963167,14,1536,-108.1375,8.413329,139.3952,-100.4227,-12.31609,-107.6997
0.81366,0.940874,14,1536,-108.1375,10.88563,135.6836,-100.4227,-9.135908,-109.9902
0.768909,0.951465,14,1472,-127.4861,14.10101,131.7904,-98.50348,-11.46364,-110.7824
0.547986,0.806226,10,1216,170.08,10.76549,125.0479,-94.30183,-23.08375,-104.1631
0.509945,0.811076,10,1152,170.08,6.414807,115.1152,-93.09238,-23.66974,-97.66367
0.577366,0.831217,10,1088,165.9329,7.918859,114.8319,-93.09238,-24.6349,-98.41206
0.684239,0.849722,10,1041,163.434,6.958773,113.1479,-91.99535,-27.59698,-95.65286
0.673726,0.822434,10,960,163.434,-2.843988,107.7664,-91.43902,-26.99075,-92.95815
0.768224,0.861551,10,896,165.2128,-8.378171,112.3556,-90.46066,-23.96155,-97.99889
0.851353,0.870771,10,896,167.0765,-14.40056,115.8447,-90.46066,-29.89592,-101.5224
0.925667,0.938334,10,864,172.8555,-16.87881,113.6752,-89.78575,-23.30612,-98.33945
1.042099,0.812711,10,832,172.8555,-23.21115,107.7668,-89.42054,-14.21215,-96.62923
1.123502,0.733373,10,768,177.3137,-24.95945,102.2783,-88.72659,-1.391724,-110.4841
1.239336,0.787232,10,704,-178.4812,-27.08323,103.0775,-88.72659,15.13254,-119.8145
1.395141,0.811138,10,640,-176.2089,-29.49913,106.3419,-88.9058,21.18778,-128.0983
1.377733,0.900276,10,593,-176.2089,-35.47309,106.0909,-88.44294,41.32216,-125.1741
1.327933,1.131207,10,448,-175.0504,-42.97593,100.8238,-87.27612,55.37523,-117.5159
1.317677,1.275437,10,544,-176.1107,-50.2834,91.95133,-87.27612,66.05977,-133.7584
1.282452,1.408053,14,576,-176.1107,-55.86609,87.10413,-86.80742,69.02303,-138.8467
